sample_idx,makespan,y_op_1,y_op_2,y_op_3,y_op_4,y_op_5,y_op_6,y_op_7,y_op_8,y_op_9,y_op_10,y_op_11,y_op_12,y_op_13,y_op_14,y_op_15,y_op_16,y_op_17,y_op_18,y_op_19,y_op_20,y_op_21,y_op_22,y_op_23,y_op_24,y_op_25
0,43,2,4,3,0,0,0,4,1,3,0,4,4,2,1,1,3,2,1,4,0,4,2,0,4,3
1,38,2,0,3,2,0,2,3,1,3,0,2,0,2,0,1,3,2,2,3,0,1,4,0,4,2
2,42,2,4,4,3,3,3,1,4,3,0,2,4,0,3,2,3,2,1,4,2,4,4,0,4,0
3,44,0,0,1,2,4,0,1,4,3,0,4,4,2,3,3,3,2,1,3,1,4,2,0,4,4
4,40,2,0,3,3,0,2,2,4,3,0,3,4,0,3,3,3,2,2,0,4,1,4,0,4,1
5,43,2,4,4,0,0,4,3,4,3,0,1,0,0,3,2,3,2,2,3,4,1,2,0,4,4
6,42,0,4,1,3,1,4,1,4,3,0,2,0,0,4,3,3,2,1,3,1,4,2,0,4,0
7,40,0,4,4,3,0,4,0,4,3,0,4,4,0,2,1,3,2,2,0,0,3,4,0,4,3
8,39,0,0,3,0,3,0,2,4,3,0,3,4,0,3,3,3,2,1,3,1,4,2,0,4,4
9,48,0,4,1,2,3,1,2,4,3,0,1,0,0,2,2,3,2,2,3,4,4,2,0,4,4
10,47,0,0,4,2,0,3,1,4,3,0,3,0,0,0,2,3,2,2,3,1,3,2,0,4,3
11,39,0,0,4,3,3,2,1,1,3,0,4,0,2,1,3,3,2,1,3,2,1,4,0,4,0
12,43,2,0,1,2,3,2,1,1,3,0,4,0,0,0,3,3,2,2,4,0,3,4,0,4,4
13,43,2,4,4,3,3,0,0,4,3,0,2,0,2,4,1,3,2,1,3,1,3,4,0,4,1
14,45,0,0,1,2,4,0,2,4,3,0,3,0,2,1,3,3,2,2,3,0,4,2,0,4,0
15,46,2,4,1,2,2,4,2,1,3,0,4,0,0,4,3,3,2,1,0,2,3,4,0,4,2
16,43,0,0,3,0,3,4,4,1,3,0,3,0,2,3,3,3,2,2,3,0,4,2,0,4,1
17,44,0,4,4,3,1,2,2,1,3,0,1,4,2,0,1,3,2,2,0,2,1,4,0,4,2
18,42,2,4,1,3,4,0,0,4,3,0,2,0,2,4,3,3,2,2,4,2,1,2,0,4,2
19,45,2,4,1,2,1,1,2,1,3,0,4,4,2,1,2,3,2,2,0,0,3,4,0,4,2
20,46,2,0,1,2,3,1,1,4,3,0,3,0,2,4,1,3,2,1,4,2,1,2,0,4,3
21,46,2,0,1,0,4,3,0,4,3,0,2,4,2,1,2,3,2,1,3,1,1,2,0,4,2
22,44,0,0,4,2,2,0,0,4,3,0,4,4,0,1,1,3,2,1,0,2,4,4,0,4,3
23,41,0,0,4,2,2,1,3,1,3,0,4,0,0,2,1,3,2,1,0,4,4,4,0,4,4
24,47,2,4,4,0,3,1,2,4,3,0,3,4,0,1,2,3,2,2,3,4,1,2,0,4,2
25,47,2,0,1,3,0,3,4,1,3,0,3,0,0,2,2,3,2,2,4,2,3,4,0,4,4
26,44,2,0,3,2,1,1,4,4,3,0,3,0,2,3,2,3,2,1,3,2,1,2,0,4,1
27,41,0,4,4,3,3,1,0,1,3,0,2,0,0,2,3,3,2,2,3,4,1,2,0,4,2
28,43,0,0,1,2,1,4,2,1,3,0,4,4,2,4,3,3,2,2,0,2,1,4,0,4,3
29,45,0,4,3,0,1,1,4,4,3,0,1,0,2,4,3,3,2,1,3,0,3,4,0,4,0
30,42,0,0,4,2,1,0,0,4,3,0,4,0,0,1,1,3,2,1,3,2,3,2,0,4,4
31,39,0,4,4,0,0,0,0,4,3,0,4,0,2,2,2,3,2,2,0,0,1,4,0,4,1
32,47,0,4,4,2,2,4,3,1,3,0,1,4,2,3,1,3,2,1,0,0,1,4,0,4,3
33,45,0,4,3,0,1,2,4,1,3,0,4,4,0,4,3,3,2,1,0,2,3,2,0,4,3
34,41,0,4,3,0,1,4,3,1,3,0,1,4,2,3,2,3,2,1,3,2,1,4,0,4,4
35,40,2,0,1,2,0,0,3,4,3,0,4,4,2,0,3,3,2,2,4,4,3,4,0,4,1
36,46,2,0,1,2,2,2,4,4,3,0,2,0,0,1,2,3,2,1,3,1,4,2,0,4,3
37,42,0,4,3,2,1,0,4,4,3,0,3,4,0,2,1,3,2,2,3,2,1,2,0,4,3
38,45,2,0,4,2,2,0,4,1,3,0,2,0,2,2,2,3,2,2,0,0,3,4,0,4,1
39,43,2,4,4,2,0,1,4,1,3,0,2,0,2,3,1,3,2,2,4,0,4,2,0,4,2
40,43,2,4,3,0,3,1,4,4,3,0,3,4,2,2,3,3,2,1,0,4,1,4,0,4,2
41,45,2,0,1,2,0,0,1,4,3,0,4,0,0,0,2,3,2,2,0,1,4,2,0,4,1
42,40,2,4,4,2,3,3,1,1,3,0,1,4,2,1,2,3,2,2,3,2,3,2,0,4,1
43,44,2,4,4,2,4,3,0,1,3,0,2,4,0,3,2,3,2,2,4,0,4,2,0,4,1
44,41,2,4,3,3,0,2,0,1,3,0,4,4,0,2,1,3,2,1,0,4,4,4,0,4,4
45,45,0,0,3,2,4,1,3,1,3,0,1,0,2,2,3,3,2,1,3,0,3,2,0,4,1
46,43,2,0,4,3,1,2,3,1,3,0,1,0,0,0,3,3,2,1,4,4,3,4,0,4,0
47,45,2,4,4,2,0,0,1,4,3,0,1,0,2,0,2,3,2,1,3,1,4,2,0,4,4
48,39,0,4,1,3,3,3,1,4,3,0,3,4,2,3,3,3,2,2,0,0,1,2,0,4,3
49,42,0,4,4,3,3,1,2,4,3,0,1,0,0,2,3,3,2,2,3,1,1,4,0,4,0
50,41,0,4,3,3,2,2,3,1,3,0,4,4,2,0,2,3,2,1,3,2,3,2,0,4,1
51,46,0,4,1,2,0,2,1,1,3,0,1,0,2,4,3,3,2,1,4,4,3,2,0,4,0
52,42,2,4,3,3,1,2,4,4,3,0,4,0,2,0,1,3,2,2,0,1,3,4,0,4,3
53,43,2,4,3,2,1,0,3,4,3,0,2,0,0,0,2,3,2,2,0,0,3,2,0,4,0
54,41,2,0,1,0,0,3,4,1,3,0,4,4,0,3,2,3,2,1,3,0,4,2,0,4,4
55,47,2,4,3,3,4,1,2,4,3,0,4,0,0,4,2,3,2,2,4,4,1,2,0,4,4
56,47,0,4,4,0,3,4,1,4,3,0,2,4,2,0,3,3,2,2,0,1,4,4,0,4,1
57,42,2,4,4,3,1,2,0,4,3,0,3,0,2,3,3,3,2,1,3,0,1,4,0,4,1
58,39,0,4,3,2,2,3,1,4,3,0,2,0,0,2,1,3,2,2,0,0,4,4,0,4,3
59,45,0,4,4,3,3,0,0,1,3,0,4,0,0,2,2,3,2,1,0,2,4,4,0,4,4
60,46,0,4,1,2,4,3,2,4,3,0,3,4,2,0,3,3,2,1,4,0,4,4,0,4,2
61,46,2,0,3,2,4,0,3,4,3,0,3,0,0,3,1,3,2,1,0,4,3,4,0,4,4
62,41,0,0,3,3,0,2,0,1,3,0,1,0,0,4,2,3,2,1,3,2,4,2,0,4,0
63,45,2,4,1,2,1,3,0,1,3,0,4,0,2,2,1,3,2,2,3,4,4,2,0,4,2
64,44,2,4,3,0,3,2,4,1,3,0,3,0,0,1,1,3,2,1,3,4,3,2,0,4,0
65,40,0,0,3,2,0,1,1,4,3,0,3,4,2,1,1,3,2,1,0,0,4,4,0,4,4
66,45,0,0,3,3,0,0,3,1,3,0,1,0,2,3,1,3,2,2,3,4,3,2,0,4,2
67,46,0,0,4,3,4,0,3,1,3,0,3,0,2,4,3,3,2,1,3,1,3,4,0,4,0
68,44,0,0,3,2,0,1,3,4,3,0,2,4,0,2,3,3,2,2,0,0,3,4,0,4,2
69,39,0,4,4,2,1,1,2,4,3,0,1,4,0,1,1,3,2,2,3,4,3,2,0,4,3
70,43,0,4,3,0,1,0,0,4,3,0,4,4,0,1,2,3,2,1,4,1,3,4,0,4,1
71,44,0,4,1,2,1,2,0,1,3,0,3,4,0,4,2,3,2,2,0,2,3,2,0,4,2
72,42,2,4,1,3,3,0,2,4,3,0,3,0,2,1,2,3,2,1,0,4,4,4,0,4,1
73,39,2,0,1,2,0,0,1,4,3,0,2,4,0,3,3,3,2,2,0,1,1,4,0,4,0
74,43,0,4,1,3,2,0,1,1,3,0,3,0,2,0,2,3,2,2,4,1,3,2,0,4,2
75,43,0,0,4,0,4,1,2,1,3,0,1,4,0,1,2,3,2,1,3,2,1,4,0,4,4
76,42,0,0,1,2,3,3,0,1,3,0,2,0,2,1,1,3,2,2,3,4,4,4,0,4,4
77,42,2,4,3,2,4,0,4,4,3,0,1,0,2,2,2,3,2,2,3,2,1,4,0,4,2
78,40,0,0,3,0,2,1,1,4,3,0,2,0,0,4,3,3,2,1,0,1,1,4,0,4,4
79,46,0,4,1,2,3,2,2,1,3,0,2,0,0,0,2,3,2,1,0,1,3,2,0,4,1
80,42,0,0,4,2,4,1,4,4,3,0,2,0,2,0,3,3,2,1,0,2,3,2,0,4,0
81,42,0,4,3,3,2,2,4,1,3,0,1,0,2,0,2,3,2,1,3,2,4,4,0,4,3
82,46,2,4,1,2,1,2,3,1,3,0,3,4,0,1,3,3,2,2,3,4,3,2,0,4,4
83,42,0,0,3,0,1,0,0,1,3,0,1,4,2,1,3,3,2,1,4,4,4,2,0,4,1
84,42,0,4,3,0,3,0,4,1,3,0,3,0,0,1,3,3,2,2,0,0,1,2,0,4,2
85,45,2,0,3,3,0,4,1,1,3,0,2,0,0,3,3,3,2,1,4,1,3,2,0,4,0
86,43,0,0,4,2,4,4,0,1,3,0,3,0,0,1,2,3,2,2,4,4,3,2,0,4,2
87,44,0,4,4,3,4,4,2,4,3,0,1,4,0,3,3,3,2,1,4,4,3,4,0,4,4
88,42,2,4,4,3,2,3,3,1,3,0,4,0,2,1,3,3,2,1,3,0,3,4,0,4,0
89,42,2,4,1,2,4,0,3,4,3,0,1,0,2,0,2,3,2,2,3,2,4,4,0,4,4
90,46,2,4,4,3,0,3,0,1,3,0,3,0,2,3,3,3,2,1,3,0,3,4,0,4,0
91,45,0,4,1,2,2,2,4,4,3,0,1,4,2,2,2,3,2,1,0,2,4,2,0,4,0
92,45,2,4,3,3,0,3,1,1,3,0,4,0,0,1,1,3,2,1,0,0,4,2,0,4,3
93,39,0,0,1,2,4,2,0,1,3,0,3,4,2,2,2,3,2,1,3,1,4,4,0,4,3
94,47,2,0,3,2,0,3,0,1,3,0,3,0,2,3,2,3,2,1,4,2,3,2,0,4,2
95,48,0,4,1,2,0,1,2,4,3,0,4,4,0,0,1,3,2,2,4,4,3,2,0,4,2
96,43,2,4,1,2,2,3,4,1,3,0,1,0,2,3,3,3,2,1,4,4,3,2,0,4,1
97,39,0,4,3,0,1,0,4,1,3,0,4,0,2,0,2,3,2,2,4,1,1,2,0,4,4
98,44,0,0,1,2,3,3,0,1,3,0,1,4,0,1,2,3,2,1,0,1,1,2,0,4,0
99,42,0,0,4,0,0,0,2,1,3,0,1,4,0,4,3,3,2,2,3,1,1,4,0,4,1
100,42,2,0,3,2,3,1,0,4,3,0,1,4,2,1,3,3,2,1,4,2,1,2,0,4,4
101,41,0,4,4,3,0,3,0,4,3,0,4,4,0,1,2,3,2,1,4,4,1,4,0,4,2
102,46,0,0,3,2,0,3,3,1,3,0,3,0,0,1,1,3,2,1,0,0,1,4,0,4,3
103,44,0,0,1,2,1,1,0,1,3,0,4,0,2,2,2,3,2,1,0,2,1,2,0,4,3
104,44,2,4,1,0,1,4,4,4,3,0,4,4,0,0,2,3,2,2,0,0,4,2,0,4,0
105,44,0,0,1,0,0,0,1,4,3,0,3,4,2,4,1,3,2,1,4,4,1,2,0,4,0
106,41,2,0,4,2,0,1,0,4,3,0,3,4,0,3,3,3,2,2,3,2,1,4,0,4,0
107,45,2,0,1,2,4,2,1,4,3,0,1,0,0,4,3,3,2,2,3,0,4,2,0,4,0
108,47,2,4,1,2,0,3,1,4,3,0,2,0,2,0,2,3,2,1,0,2,4,2,0,4,3
109,45,2,0,4,0,2,1,4,1,3,0,1,0,0,3,1,3,2,1,4,4,3,2,0,4,4
110,47,0,4,4,0,2,1,3,1,3,0,2,0,0,2,1,3,2,2,4,2,3,4,0,4,4
111,40,0,4,1,2,2,2,0,1,3,0,3,0,0,1,3,3,2,2,3,0,3,4,0,4,1
112,47,0,4,3,3,4,0,4,1,3,0,3,4,2,2,1,3,2,2,3,2,3,2,0,4,4
113,43,2,4,1,0,2,1,4,4,3,0,2,4,0,3,2,3,2,2,4,2,1,2,0,4,0
114,45,2,4,1,0,1,3,4,1,3,0,3,0,2,0,2,3,2,2,3,4,3,2,0,4,4
115,47,0,4,1,0,2,4,0,4,3,0,2,0,0,1,1,3,2,2,0,0,4,2,0,4,0
116,46,2,4,3,3,2,2,2,4,3,0,4,4,2,1,3,3,2,2,4,2,1,2,0,4,3
117,44,0,0,1,0,1,3,0,4,3,0,3,0,0,2,3,3,2,2,4,4,3,4,0,4,0
118,43,2,0,3,0,1,2,3,4,3,0,3,0,0,0,3,3,2,1,4,4,4,2,0,4,2
119,45,2,0,3,3,0,1,2,4,3,0,4,4,0,1,3,3,2,2,4,0,3,2,0,4,1
120,46,2,0,4,2,3,3,2,4,3,0,3,0,2,2,2,3,2,1,3,0,1,2,0,4,1
121,41,2,0,3,3,0,1,0,1,3,0,2,0,2,2,3,3,2,2,3,2,3,2,0,4,2
122,40,0,4,4,3,0,3,2,4,3,0,3,4,2,4,1,3,2,1,0,1,1,4,0,4,2
123,43,0,0,4,3,0,3,4,4,3,0,3,4,0,1,3,3,2,2,3,0,4,2,0,4,3
124,41,2,4,4,3,1,4,0,1,3,0,2,0,2,4,3,3,2,2,4,1,3,2,0,4,3
125,42,2,0,1,0,4,3,0,1,3,0,2,0,0,0,1,3,2,2,3,1,4,4,0,4,2
126,38,0,4,4,3,4,0,3,4,3,0,4,4,2,3,2,3,2,2,3,1,1,4,0,4,4
127,38,0,0,3,3,3,2,1,1,3,0,3,0,0,0,3,3,2,1,3,1,1,2,0,4,1
128,41,2,0,4,0,3,0,4,4,3,0,2,4,0,3,1,3,2,2,0,2,1,4,0,4,0
129,46,0,4,3,3,3,3,0,4,3,0,2,4,2,2,2,3,2,2,3,1,3,4,0,4,3
130,47,2,0,1,3,2,1,3,4,3,0,2,4,0,1,1,3,2,1,0,4,1,2,0,4,4
131,38,0,0,3,2,3,2,1,4,3,0,2,4,0,3,3,3,2,2,4,2,1,2,0,4,3
132,42,2,4,3,2,1,1,1,4,3,0,4,4,2,4,3,3,2,2,0,2,4,4,0,4,4
133,48,2,4,4,0,1,1,1,4,3,0,4,4,0,3,3,3,2,1,4,4,3,2,0,4,4
134,43,2,0,3,2,1,1,2,1,3,0,2,0,0,0,1,3,2,2,3,0,1,4,0,4,2
135,45,0,4,3,2,0,1,1,4,3,0,1,0,0,4,1,3,2,2,3,0,3,2,0,4,3
136,44,0,4,1,3,2,4,0,1,3,0,2,0,2,4,3,3,2,1,0,4,4,4,0,4,4
137,46,0,4,3,3,3,0,1,4,3,0,3,4,2,0,1,3,2,2,0,2,4,2,0,4,0
138,40,0,0,3,2,1,1,3,4,3,0,1,0,0,3,1,3,2,2,3,0,3,2,0,4,3
139,40,2,0,4,3,1,2,4,1,3,0,1,0,0,2,3,3,2,1,3,2,1,4,0,4,4
140,48,0,4,4,0,0,2,0,4,3,0,1,0,2,3,1,3,2,2,0,0,4,4,0,4,1
141,38,0,4,4,2,4,2,1,1,3,0,1,4,0,1,2,3,2,2,3,1,1,4,0,4,3
142,45,2,0,4,0,2,4,3,4,3,0,1,4,2,0,2,3,2,1,0,4,4,4,0,4,3
143,43,0,4,3,3,3,3,3,4,3,0,4,0,0,0,2,3,2,2,0,0,3,2,0,4,1
144,40,0,4,3,2,3,1,3,1,3,0,1,4,0,1,1,3,2,2,0,0,1,4,0,4,1
145,43,0,0,3,3,2,0,0,4,3,0,4,4,0,3,2,3,2,2,4,0,4,2,0,4,2
146,43,2,0,4,3,2,4,2,4,3,0,2,0,0,4,2,3,2,1,0,4,3,4,0,4,2
147,42,2,4,4,3,3,2,0,4,3,0,3,4,2,1,1,3,2,1,0,2,4,2,0,4,0
148,46,2,4,4,0,4,1,1,4,3,0,1,4,2,0,1,3,2,2,0,4,3,4,0,4,0
149,39,2,4,4,0,4,2,1,1,3,0,1,4,0,3,2,3,2,2,3,4,3,4,0,4,1
150,49,2,0,3,0,4,1,2,1,3,0,1,4,2,2,2,3,2,2,4,4,1,2,0,4,1
151,45,2,4,4,3,1,4,4,4,3,0,3,0,0,4,2,3,2,2,4,2,3,2,0,4,4
152,43,2,0,4,3,2,2,1,1,3,0,1,0,0,2,3,3,2,1,4,4,4,2,0,4,1
153,46,2,0,3,2,0,2,0,1,3,0,4,4,2,3,3,3,2,1,4,1,1,2,0,4,0
154,41,2,4,1,3,1,0,3,1,3,0,4,0,2,1,3,3,2,2,0,2,3,4,0,4,3
155,42,2,0,1,2,0,4,3,4,3,0,1,4,2,1,3,3,2,1,3,0,1,4,0,4,0
156,39,0,4,4,0,3,0,1,4,3,0,2,4,2,1,1,3,2,2,3,1,3,4,0,4,1
157,47,0,0,3,3,1,2,0,4,3,0,2,0,0,2,3,3,2,2,3,2,3,2,0,4,3
158,46,0,4,3,2,2,1,2,1,3,0,4,0,0,0,1,3,2,1,4,2,1,4,0,4,1
159,46,2,0,3,2,3,0,0,4,3,0,2,0,2,3,3,3,2,1,4,0,1,4,0,4,3
160,47,0,0,3,0,4,1,3,1,3,0,4,0,2,3,1,3,2,1,4,0,1,4,0,4,3
161,41,2,0,3,2,3,4,0,4,3,0,1,4,0,4,1,3,2,1,0,1,1,4,0,4,4
162,44,2,0,1,0,2,2,1,1,3,0,3,4,2,0,3,3,2,1,0,2,4,2,0,4,1
163,40,2,0,1,2,3,4,3,4,3,0,1,4,2,3,3,3,2,2,3,1,1,2,0,4,2
164,40,2,4,1,0,0,0,1,1,3,0,3,4,0,2,3,3,2,1,3,1,1,4,0,4,3
165,47,2,4,1,0,0,4,2,4,3,0,2,4,2,4,1,3,2,1,4,0,4,2,0,4,4
166,42,0,0,3,3,1,2,0,4,3,0,4,0,0,3,2,3,2,1,3,0,4,4,0,4,2
167,41,2,4,4,0,3,0,1,4,3,0,4,4,2,0,2,3,2,1,4,1,3,4,0,4,0
168,43,2,4,1,3,3,0,0,1,3,0,4,0,2,2,2,3,2,2,0,1,4,4,0,4,2
169,46,2,4,3,0,1,3,0,4,3,0,3,0,2,2,1,3,2,1,0,4,1,2,0,4,3
170,47,0,4,4,2,2,4,4,1,3,0,3,4,0,0,2,3,2,2,3,0,1,2,0,4,2
171,49,0,4,3,2,0,2,0,1,3,0,2,0,2,3,3,3,2,1,3,2,1,4,0,4,3
172,48,0,4,1,2,2,2,0,4,3,0,4,4,0,0,2,3,2,2,0,0,4,4,0,4,0
173,50,0,0,3,3,2,4,2,1,3,0,4,4,2,0,2,3,2,2,0,4,1,2,0,4,4
174,42,0,0,1,0,1,3,4,1,3,0,2,4,2,0,1,3,2,1,4,1,1,4,0,4,0
175,41,0,0,1,0,0,0,4,1,3,0,2,4,2,1,1,3,2,2,0,4,1,2,0,4,0
176,44,2,0,3,3,4,4,2,4,3,0,2,4,2,0,3,3,2,2,3,4,3,2,0,4,0
177,42,2,4,3,2,2,0,3,4,3,0,1,0,0,4,1,3,2,2,0,0,1,2,0,4,2
178,44,2,4,4,0,1,1,1,4,3,0,4,0,2,1,3,3,2,1,0,2,1,2,0,4,1
179,42,2,4,1,0,0,0,2,4,3,0,3,0,0,4,2,3,2,2,4,4,4,4,0,4,4
180,51,2,4,3,2,4,2,2,1,3,0,4,4,0,4,1,3,2,1,0,4,3,2,0,4,1
181,48,2,0,4,0,1,4,0,1,3,0,1,4,0,4,1,3,2,2,4,0,4,4,0,4,1
182,42,0,4,1,3,1,4,2,1,3,0,2,0,2,1,2,3,2,2,4,2,4,4,0,4,3
183,47,0,4,3,0,0,4,3,1,3,0,1,4,0,4,3,3,2,2,0,0,4,4,0,4,3
184,46,0,0,3,2,1,4,4,1,3,0,2,4,2,3,3,3,2,2,3,0,4,2,0,4,0
185,42,2,0,3,2,2,0,2,4,3,0,4,0,0,3,1,3,2,2,0,1,3,4,0,4,4
186,40,0,4,4,3,3,1,3,4,3,0,3,4,2,4,1,3,2,1,0,1,4,2,0,4,3
187,44,0,4,3,3,1,3,4,1,3,0,3,4,0,1,1,3,2,1,0,0,1,4,0,4,3
188,42,0,4,4,3,0,2,0,1,3,0,1,4,2,4,3,3,2,1,4,0,1,2,0,4,3
189,51,2,0,3,3,3,3,3,1,3,0,4,0,2,3,2,3,2,1,3,0,3,4,0,4,4
190,39,0,4,1,0,0,1,1,1,3,0,3,4,0,1,1,3,2,1,4,4,4,4,0,4,0
191,48,0,0,3,2,0,2,0,1,3,0,2,0,0,1,1,3,2,1,0,1,4,2,0,4,2
192,45,2,4,4,0,1,4,1,4,3,0,4,4,2,0,2,3,2,2,3,4,4,2,0,4,2
193,46,2,4,1,3,1,0,4,1,3,0,3,0,2,3,1,3,2,2,0,4,3,4,0,4,0
194,40,0,0,3,0,2,3,4,4,3,0,1,0,2,4,3,3,2,2,0,1,1,4,0,4,4
195,43,2,0,1,0,2,2,3,4,3,0,2,4,0,0,3,3,2,1,4,4,4,2,0,4,2
196,49,0,4,3,2,4,0,3,1,3,0,4,0,2,0,2,3,2,1,3,4,3,4,0,4,0
197,43,0,4,1,3,4,4,4,4,3,0,3,4,0,2,2,3,2,1,0,1,4,4,0,4,2
198,44,0,4,3,3,2,2,0,4,3,0,2,4,0,1,3,3,2,2,3,0,1,2,0,4,2
199,39,2,0,1,2,1,2,3,4,3,0,1,4,2,4,3,3,2,2,0,2,3,4,0,4,0
200,48,0,0,4,0,0,4,0,1,3,0,1,0,0,0,3,3,2,1,3,2,3,4,0,4,0
201,44,2,0,1,3,4,3,2,4,3,0,3,4,2,1,1,3,2,1,4,2,4,2,0,4,3
202,49,2,0,3,2,2,4,0,4,3,0,1,0,2,0,3,3,2,1,4,0,3,4,0,4,2
203,41,2,0,4,0,3,4,4,1,3,0,3,0,2,3,1,3,2,2,4,0,1,2,0,4,4
204,47,2,0,3,2,4,4,2,1,3,0,1,0,2,0,3,3,2,2,0,4,3,4,0,4,2
205,43,2,4,1,0,0,4,2,1,3,0,3,0,2,0,1,3,2,1,3,4,4,2,0,4,3
206,40,0,4,4,0,1,0,4,1,3,0,1,4,2,0,1,3,2,2,4,4,1,4,0,4,1
207,51,0,4,4,0,2,3,2,4,3,0,4,4,2,3,2,3,2,2,0,2,4,2,0,4,4
208,48,2,0,3,0,3,1,1,1,3,0,4,4,2,3,2,3,2,1,3,0,4,2,0,4,2
209,43,0,0,3,3,0,4,1,1,3,0,1,4,0,4,1,3,2,1,4,4,4,4,0,4,0
210,46,0,4,1,2,0,4,3,4,3,0,1,4,0,3,3,3,2,2,0,0,3,4,0,4,1
211,45,2,4,3,3,1,2,4,1,3,0,2,0,2,0,2,3,2,2,4,2,3,2,0,4,4
212,47,0,4,4,3,2,4,3,1,3,0,4,4,0,2,1,3,2,1,3,2,1,2,0,4,3
213,44,2,4,1,3,4,1,1,1,3,0,2,4,0,4,3,3,2,2,4,0,1,2,0,4,2
214,46,2,4,4,2,4,3,2,4,3,0,4,4,0,4,3,3,2,1,0,4,3,4,0,4,4
215,42,2,0,4,3,1,1,3,4,3,0,4,0,0,1,1,3,2,1,0,4,3,2,0,4,3
216,50,0,0,1,0,0,2,0,1,3,0,4,0,2,2,1,3,2,2,0,0,4,4,0,4,0
217,41,0,4,1,2,1,0,2,1,3,0,1,4,2,2,3,3,2,1,4,1,3,4,0,4,3
218,42,2,4,4,3,0,4,1,4,3,0,4,4,2,3,3,3,2,1,4,0,4,4,0,4,1
219,42,2,0,1,0,0,1,1,4,3,0,1,0,0,4,2,3,2,1,3,2,3,2,0,4,3
220,48,0,4,4,2,1,2,4,1,3,0,3,0,2,1,3,3,2,2,4,2,3,2,0,4,0
221,41,0,0,3,0,3,2,3,4,3,0,4,0,0,2,3,3,2,1,3,1,3,4,0,4,4
222,42,2,4,1,3,2,4,3,1,3,0,3,4,0,3,3,3,2,1,3,2,4,4,0,4,4
223,46,2,4,1,0,3,1,0,1,3,0,4,0,2,4,3,3,2,1,3,2,4,4,0,4,2
224,44,2,0,4,0,1,1,2,1,3,0,1,4,2,1,3,3,2,1,3,0,4,4,0,4,4
225,41,0,0,3,2,4,2,4,1,3,0,2,0,0,0,3,3,2,1,0,2,1,4,0,4,4
226,49,2,0,1,0,4,4,1,1,3,0,2,0,0,1,3,3,2,1,4,1,3,4,0,4,3
227,41,2,0,3,2,4,0,3,1,3,0,2,0,0,4,1,3,2,1,4,4,4,4,0,4,3
228,41,0,0,4,2,2,2,1,1,3,0,1,4,2,1,1,3,2,2,0,4,4,4,0,4,4
229,43,0,4,3,2,4,2,3,4,3,0,4,0,2,3,2,3,2,2,0,0,4,2,0,4,1
230,42,2,4,4,0,1,2,2,1,3,0,1,4,0,1,3,3,2,2,0,4,1,2,0,4,1
231,42,0,0,1,0,0,4,0,1,3,0,3,4,0,2,2,3,2,2,4,4,4,4,0,4,1
232,48,2,0,3,3,2,0,3,1,3,0,2,0,0,1,1,3,2,1,0,4,3,2,0,4,1
233,50,2,0,4,0,4,0,3,1,3,0,1,4,2,3,1,3,2,1,3,4,4,2,0,4,0
234,45,2,0,3,0,3,3,2,4,3,0,1,0,0,3,2,3,2,1,3,4,1,4,0,4,2
235,47,0,0,1,3,3,3,3,4,3,0,2,4,2,2,3,3,2,2,4,4,3,2,0,4,1
236,46,0,0,1,2,2,0,3,1,3,0,2,0,0,4,2,3,2,2,3,4,3,4,0,4,0
237,41,2,0,1,0,2,0,4,1,3,0,2,4,0,0,1,3,2,2,4,1,1,2,0,4,1
238,40,0,4,4,0,3,1,2,4,3,0,2,0,2,2,3,3,2,2,3,0,1,4,0,4,0
239,43,2,4,3,3,2,2,1,4,3,0,1,4,0,0,1,3,2,1,4,1,3,2,0,4,0
240,54,0,0,4,0,4,4,3,1,3,0,2,4,2,4,3,3,2,1,3,4,4,4,0,4,3
241,38,2,0,4,2,1,3,0,1,3,0,1,4,0,1,3,3,2,2,3,1,4,2,0,4,4
242,49,2,4,4,0,4,1,2,1,3,0,4,0,2,1,3,3,2,2,3,2,3,2,0,4,3
243,43,2,0,3,0,2,1,1,1,3,0,3,0,2,4,1,3,2,2,0,4,3,2,0,4,1
244,42,2,4,4,2,1,3,0,1,3,0,4,0,2,1,2,3,2,2,3,1,1,2,0,4,2
245,43,2,4,1,2,4,3,0,1,3,0,1,0,0,1,3,3,2,2,4,4,4,2,0,4,1
246,52,2,0,3,2,0,4,1,1,3,0,4,4,2,2,3,3,2,2,0,2,3,4,0,4,2
247,49,2,0,1,2,1,1,2,1,3,0,3,4,2,2,2,3,2,2,3,0,3,2,0,4,4
248,47,2,0,3,2,3,3,4,1,3,0,4,4,0,2,1,3,2,1,3,4,3,4,0,4,1
249,41,2,0,1,3,3,2,1,1,3,0,1,0,2,4,2,3,2,2,0,1,1,4,0,4,1
250,45,0,0,1,2,4,3,4,1,3,0,3,4,0,2,3,3,2,1,3,2,1,4,0,4,2
251,44,0,4,3,0,1,1,4,1,3,0,4,4,2,2,2,3,2,2,0,0,1,4,0,4,2
252,47,0,0,3,2,3,0,3,1,3,0,4,4,2,2,3,3,2,1,4,0,1,2,0,4,4
253,46,2,0,4,2,4,2,2,4,3,0,3,0,2,4,2,3,2,1,0,1,4,2,0,4,1
254,40,0,4,4,2,3,2,1,1,3,0,4,0,0,4,1,3,2,2,3,0,4,4,0,4,4
255,43,0,0,4,2,2,4,2,1,3,0,1,4,0,1,1,3,2,1,0,4,1,4,0,4,1
256,44,2,4,4,0,2,2,0,1,3,0,1,4,2,1,3,3,2,2,0,0,4,4,0,4,2
257,49,0,4,1,2,1,2,3,1,3,0,1,4,0,3,3,3,2,1,0,1,4,4,0,4,2
258,43,0,0,4,2,1,2,0,4,3,0,3,0,2,3,1,3,2,1,4,1,3,4,0,4,3
259,45,0,0,3,3,2,1,1,1,3,0,4,4,2,0,3,3,2,2,3,4,4,2,0,4,3
260,46,2,4,1,2,1,3,1,1,3,0,4,0,2,2,2,3,2,1,0,1,1,2,0,4,1
261,43,0,0,4,3,3,2,1,1,3,0,3,4,2,3,3,3,2,1,0,1,4,4,0,4,1
262,41,0,0,1,3,2,4,4,1,3,0,2,4,0,1,3,3,2,1,4,4,1,2,0,4,1
263,43,2,0,1,2,2,4,4,4,3,0,4,0,2,0,2,3,2,1,4,0,3,4,0,4,1
264,41,2,0,4,3,2,0,4,4,3,0,2,0,0,1,3,3,2,2,0,4,3,4,0,4,2
265,44,2,4,1,2,4,2,4,4,3,0,3,0,2,0,1,3,2,1,4,4,1,4,0,4,0
266,39,0,0,4,3,4,2,4,1,3,0,4,0,0,2,2,3,2,1,0,1,3,2,0,4,0
267,41,2,0,4,3,2,4,0,1,3,0,1,0,2,2,1,3,2,1,0,1,3,4,0,4,2
268,40,0,0,4,3,4,3,3,4,3,0,3,4,2,1,2,3,2,2,3,1,1,2,0,4,0
269,40,2,0,4,3,3,1,1,1,3,0,4,4,2,4,1,3,2,2,0,0,1,4,0,4,1
270,44,0,4,3,2,3,3,4,1,3,0,1,0,2,4,1,3,2,2,4,1,4,4,0,4,0
271,42,2,0,3,2,4,2,0,4,3,0,3,4,0,3,2,3,2,2,3,2,3,4,0,4,1
272,44,2,4,3,0,3,2,1,1,3,0,3,4,2,2,3,3,2,1,0,2,4,4,0,4,3
273,45,0,0,1,3,0,4,2,4,3,0,1,4,0,4,1,3,2,1,3,0,1,2,0,4,1
274,43,2,0,4,3,4,2,3,1,3,0,3,4,0,4,1,3,2,2,0,4,4,2,0,4,2
275,40,0,0,3,0,4,2,3,1,3,0,4,4,2,0,2,3,2,1,4,4,4,4,0,4,1
276,39,2,4,1,0,3,4,4,4,3,0,2,4,0,0,3,3,2,2,0,1,1,4,0,4,4
277,44,0,0,4,0,1,4,3,1,3,0,1,4,2,0,3,3,2,2,4,4,4,2,0,4,2
278,46,0,0,4,2,2,0,4,1,3,0,1,4,0,3,3,3,2,2,4,2,1,2,0,4,4
279,50,2,0,1,0,4,1,0,1,3,0,3,4,0,4,2,3,2,1,0,0,1,2,0,4,0
280,44,0,0,1,3,4,1,4,4,3,0,3,0,2,2,2,3,2,2,0,0,4,4,0,4,0
281,47,0,4,3,2,1,4,3,4,3,0,4,0,0,0,3,3,2,2,0,2,3,2,0,4,2
282,47,2,0,1,3,2,0,2,1,3,0,4,4,2,0,3,3,2,2,4,0,1,2,0,4,1
283,40,2,0,1,3,2,2,0,4,3,0,4,0,0,4,1,3,2,2,0,0,1,4,0,4,0
284,38,0,0,1,3,3,2,1,4,3,0,4,4,2,3,2,3,2,2,0,4,4,4,0,4,3
285,38,0,0,1,3,2,3,4,4,3,0,2,0,2,1,1,3,2,2,0,2,4,2,0,4,4
286,43,2,4,1,3,0,0,0,1,3,0,4,4,0,4,2,3,2,2,3,4,4,2,0,4,1
287,44,2,4,3,0,0,0,2,1,3,0,3,0,2,4,2,3,2,1,3,0,3,4,0,4,3
288,45,0,4,3,2,1,1,2,4,3,0,4,4,0,0,1,3,2,2,4,4,1,4,0,4,1
289,39,0,0,4,0,3,0,2,4,3,0,4,0,2,1,2,3,2,1,3,2,1,4,0,4,1
290,46,0,4,1,2,3,4,3,4,3,0,1,4,2,1,3,3,2,1,3,4,3,2,0,4,0
291,44,0,4,3,3,4,0,4,4,3,0,4,4,2,4,2,3,2,1,0,2,3,4,0,4,3
292,42,2,4,4,0,1,2,2,1,3,0,3,0,2,1,3,3,2,1,0,1,3,4,0,4,2
293,41,2,4,3,2,3,4,1,1,3,0,4,4,2,3,3,3,2,2,0,2,4,2,0,4,4
294,42,0,4,3,3,3,3,4,1,3,0,4,0,0,2,1,3,2,2,4,0,3,4,0,4,2
295,42,0,4,4,3,3,4,1,4,3,0,1,0,0,3,2,3,2,1,4,2,1,2,0,4,3
296,45,2,0,3,0,3,2,2,4,3,0,1,4,2,3,2,3,2,1,0,2,1,2,0,4,0
297,49,2,4,3,3,2,0,1,4,3,0,3,0,2,2,3,3,2,2,3,4,4,2,0,4,4
298,38,2,0,4,2,2,0,0,1,3,0,1,4,2,2,2,3,2,1,0,0,4,4,0,4,4
299,42,2,0,1,0,0,3,0,1,3,0,3,0,0,1,1,3,2,2,3,2,4,4,0,4,0
300,39,2,0,4,0,2,3,1,4,3,0,2,4,0,0,2,3,2,2,4,1,3,4,0,4,1
301,40,0,4,3,0,0,0,4,1,3,0,3,4,0,3,1,3,2,1,4,4,1,2,0,4,2
302,41,0,4,3,2,4,4,2,4,3,0,3,4,2,2,1,3,2,2,0,1,1,4,0,4,4
303,41,2,0,1,2,1,3,3,4,3,0,4,0,0,3,2,3,2,1,0,4,3,4,0,4,0
304,46,2,0,4,2,1,4,2,1,3,0,2,0,2,0,2,3,2,1,3,1,4,4,0,4,0
305,46,0,4,1,0,2,3,3,1,3,0,1,0,2,2,1,3,2,2,4,2,4,2,0,4,3
306,47,2,0,4,3,1,1,0,1,3,0,1,4,2,0,3,3,2,1,3,4,1,4,0,4,0
307,48,0,0,1,2,1,1,3,1,3,0,3,4,0,0,3,3,2,1,3,1,1,2,0,4,2
308,38,2,4,1,0,0,1,1,4,3,0,3,0,0,1,3,3,2,2,4,1,1,4,0,4,4
309,45,2,4,3,2,0,1,3,1,3,0,4,0,0,0,3,3,2,1,0,1,3,4,0,4,3
310,47,0,4,4,2,0,0,4,1,3,0,1,0,0,3,1,3,2,2,3,2,1,2,0,4,2
311,44,0,4,3,2,1,2,2,1,3,0,3,0,0,3,2,3,2,2,0,0,1,2,0,4,3
312,47,2,4,4,0,2,4,1,1,3,0,2,4,0,4,2,3,2,2,3,0,4,2,0,4,3
313,46,2,0,4,2,4,1,4,1,3,0,1,4,2,1,1,3,2,1,0,4,3,2,0,4,4
314,42,0,0,3,3,1,4,1,1,3,0,2,4,2,2,3,3,2,1,4,1,4,2,0,4,3
315,44,0,4,1,2,2,2,2,4,3,0,3,0,0,3,3,3,2,2,0,1,3,2,0,4,0
316,43,2,4,4,0,4,1,0,4,3,0,1,0,0,3,3,3,2,2,4,2,1,2,0,4,2
317,42,0,0,3,0,0,3,1,1,3,0,1,0,2,4,3,3,2,2,3,4,4,4,0,4,0
318,40,0,0,1,2,3,0,4,1,3,0,4,0,2,1,3,3,2,2,4,0,1,4,0,4,2
319,45,0,0,3,2,0,1,3,1,3,0,1,0,2,4,2,3,2,1,0,1,4,4,0,4,0
320,48,2,0,4,2,3,2,3,1,3,0,4,0,0,2,2,3,2,1,0,1,1,2,0,4,2
321,43,0,0,1,2,1,1,2,4,3,0,1,0,0,2,2,3,2,2,4,2,1,4,0,4,1
322,47,0,0,1,0,1,3,2,4,3,0,4,0,0,3,2,3,2,1,0,1,3,4,0,4,4
323,42,0,0,1,2,2,0,4,4,3,0,4,0,2,0,3,3,2,1,4,4,1,4,0,4,1
324,41,0,0,4,2,4,0,0,1,3,0,3,0,2,4,1,3,2,1,0,2,3,4,0,4,3
325,47,2,4,4,0,2,3,0,1,3,0,3,4,2,2,1,3,2,1,0,4,3,4,0,4,0
326,53,2,4,3,2,4,2,2,4,3,0,4,0,0,3,1,3,2,2,4,0,1,2,0,4,3
327,44,2,4,4,3,1,3,3,1,3,0,1,0,0,1,3,3,2,1,3,1,3,2,0,4,4
328,39,0,4,1,3,3,1,3,1,3,0,1,4,0,2,2,3,2,2,4,2,1,4,0,4,2
329,40,0,0,4,0,1,0,0,4,3,0,4,4,2,2,2,3,2,2,4,4,1,4,0,4,0
330,48,2,0,4,3,4,1,2,4,3,0,3,4,0,4,1,3,2,2,4,4,4,2,0,4,4
331,48,0,0,4,3,0,1,0,1,3,0,4,0,0,3,3,3,2,2,0,2,4,2,0,4,4
332,44,2,4,3,3,2,0,2,1,3,0,2,0,0,2,1,3,2,1,3,0,1,4,0,4,1
333,46,0,0,1,0,0,2,3,1,3,0,2,4,0,4,2,3,2,1,0,4,3,2,0,4,3
334,47,0,4,3,3,4,0,4,4,3,0,4,0,2,1,2,3,2,2,0,1,1,2,0,4,0
335,42,2,4,4,3,4,3,1,1,3,0,4,4,2,0,1,3,2,2,0,2,4,4,0,4,0
336,44,2,4,4,0,0,4,2,4,3,0,2,4,0,3,3,3,2,2,3,0,3,2,0,4,0
337,40,0,0,3,2,2,2,1,1,3,0,3,0,2,2,1,3,2,1,3,4,4,4,0,4,2
338,41,2,4,3,2,1,1,1,4,3,0,1,0,2,0,2,3,2,1,3,2,3,2,0,4,0
339,41,0,0,4,3,1,2,0,1,3,0,3,4,2,2,3,3,2,2,0,1,4,4,0,4,4
340,43,2,4,1,3,2,1,0,1,3,0,2,4,0,3,2,3,2,2,4,4,3,2,0,4,3
341,44,2,0,3,3,2,3,3,1,3,0,3,0,0,3,3,3,2,2,0,4,4,2,0,4,1
342,40,2,4,1,0,2,0,4,1,3,0,2,4,2,1,1,3,2,2,4,4,4,4,0,4,0
343,44,2,0,4,2,3,3,4,1,3,0,1,4,0,0,3,3,2,1,4,2,1,2,0,4,3
344,42,2,0,1,3,0,3,4,1,3,0,2,0,2,2,2,3,2,2,4,4,1,4,0,4,1
345,42,2,0,1,0,2,3,4,1,3,0,1,0,0,1,3,3,2,2,4,4,1,4,0,4,1
346,41,0,0,4,0,1,4,3,4,3,0,3,0,2,0,2,3,2,1,3,1,1,4,0,4,4
347,47,2,0,4,0,3,2,4,4,3,0,3,4,0,4,1,3,2,1,0,0,3,4,0,4,4
348,42,2,0,4,2,0,1,4,4,3,0,3,4,0,4,3,3,2,2,0,0,4,2,0,4,2
349,42,0,4,4,0,4,2,1,1,3,0,3,0,2,4,2,3,2,2,0,0,1,2,0,4,1
350,42,2,4,4,0,4,2,3,4,3,0,1,4,0,1,3,3,2,1,0,1,4,4,0,4,3
351,42,0,0,4,3,1,2,1,1,3,0,1,4,0,3,2,3,2,1,4,2,4,4,0,4,2
352,40,0,0,3,3,0,1,3,4,3,0,4,0,0,3,3,3,2,2,0,2,4,4,0,4,2
353,43,0,0,3,3,0,2,1,1,3,0,2,4,2,4,2,3,2,1,3,0,3,2,0,4,1
354,45,2,4,3,2,4,0,4,1,3,0,2,4,2,2,3,3,2,2,4,0,4,2,0,4,1
355,43,0,4,3,3,1,4,3,1,3,0,4,4,0,4,2,3,2,2,4,0,3,2,0,4,0
356,40,0,4,1,2,4,0,3,4,3,0,1,0,2,3,3,3,2,1,3,0,1,4,0,4,4
357,43,0,4,3,0,1,3,4,4,3,0,2,4,0,4,3,3,2,2,4,1,4,4,0,4,3
358,46,2,4,3,3,3,0,2,1,3,0,1,0,0,1,1,3,2,1,3,2,4,2,0,4,3
359,42,0,0,3,3,3,2,0,1,3,0,3,0,0,1,1,3,2,1,3,0,3,4,0,4,1
360,42,2,4,1,3,2,3,3,1,3,0,2,4,2,0,1,3,2,2,4,2,4,4,0,4,3
361,47,2,4,3,0,1,4,2,4,3,0,1,4,0,2,3,3,2,2,4,0,4,2,0,4,2
362,44,2,4,4,2,4,2,1,1,3,0,3,0,2,0,1,3,2,2,0,4,4,2,0,4,3
363,47,0,0,1,0,4,2,0,1,3,0,4,0,0,3,1,3,2,1,4,0,1,4,0,4,2
364,47,2,4,1,0,2,1,2,1,3,0,3,4,2,3,1,3,2,2,0,0,4,2,0,4,3
365,43,0,4,3,3,4,4,2,4,3,0,4,0,2,2,2,3,2,2,4,2,3,4,0,4,0
366,49,2,4,3,2,1,1,1,1,3,0,1,4,2,3,2,3,2,1,4,2,4,2,0,4,2
367,42,0,0,4,3,1,1,1,1,3,0,4,0,2,1,3,3,2,2,3,2,1,2,0,4,0
368,50,2,0,3,0,4,3,0,1,3,0,4,0,0,0,3,3,2,2,0,2,4,2,0,4,3
369,38,2,0,1,3,0,0,3,4,3,0,2,4,0,0,3,3,2,2,4,0,4,4,0,4,4
370,41,2,0,3,3,2,1,3,1,3,0,1,0,2,2,3,3,2,2,4,1,3,4,0,4,0
371,44,0,4,1,2,4,2,4,1,3,0,1,4,0,0,1,3,2,1,3,0,1,2,0,4,3
372,49,2,0,3,0,4,0,4,4,3,0,3,4,2,2,3,3,2,2,3,2,3,2,0,4,1
373,42,2,0,3,2,3,1,0,4,3,0,1,4,2,1,2,3,2,1,4,2,1,4,0,4,3
374,40,2,0,1,3,4,1,4,4,3,0,1,0,0,3,2,3,2,1,4,4,1,4,0,4,2
375,45,0,4,4,3,0,0,4,1,3,0,3,4,0,3,3,3,2,1,4,4,1,2,0,4,2
376,42,0,0,3,2,3,2,4,4,3,0,3,4,0,1,3,3,2,1,3,2,1,2,0,4,1
377,45,0,0,1,2,2,1,4,4,3,0,1,4,2,3,3,3,2,2,4,2,1,2,0,4,2
378,49,0,4,3,2,2,3,3,4,3,0,3,0,2,4,2,3,2,2,4,1,3,2,0,4,4
379,54,0,0,3,0,4,0,0,1,3,0,1,0,0,4,2,3,2,2,4,0,1,2,0,4,0
380,46,0,4,3,0,3,3,3,1,3,0,3,4,2,4,3,3,2,1,0,1,1,2,0,4,2
381,43,0,4,1,3,0,0,2,1,3,0,2,0,0,0,3,3,2,2,3,0,3,2,0,4,3
382,41,2,4,4,3,2,0,3,4,3,0,1,4,2,0,3,3,2,1,3,4,1,2,0,4,1
383,43,2,0,3,0,3,3,3,1,3,0,3,4,0,1,2,3,2,1,0,4,1,2,0,4,1
384,39,0,4,1,2,3,0,4,1,3,0,2,4,2,2,1,3,2,2,4,2,1,2,0,4,0
385,48,0,4,3,3,0,1,3,1,3,0,3,4,0,4,1,3,2,1,3,0,1,2,0,4,0
386,44,0,0,4,3,4,0,4,4,3,0,4,0,2,4,1,3,2,1,4,4,3,2,0,4,3
387,41,0,0,1,3,0,2,1,1,3,0,2,4,0,1,1,3,2,1,3,4,4,2,0,4,1
388,41,0,4,3,2,2,1,4,4,3,0,1,4,2,0,2,3,2,1,4,4,1,2,0,4,1
389,40,0,0,1,2,4,0,1,4,3,0,2,4,2,3,3,3,2,1,4,0,1,4,0,4,0
390,41,0,4,1,0,0,1,3,4,3,0,1,0,2,2,1,3,2,2,4,1,1,4,0,4,3
391,41,2,0,4,3,0,0,3,1,3,0,3,4,2,2,1,3,2,1,0,1,1,4,0,4,3
392,48,0,0,1,2,1,4,0,4,3,0,3,0,0,4,3,3,2,1,4,2,3,2,0,4,4
393,43,2,0,3,0,0,1,4,1,3,0,3,4,0,3,2,3,2,2,4,2,1,2,0,4,0
394,44,0,4,4,3,3,3,2,1,3,0,3,4,2,0,2,3,2,1,3,1,4,4,0,4,4
395,44,2,0,1,0,3,3,3,1,3,0,4,0,0,3,2,3,2,1,0,1,3,4,0,4,4
396,47,2,0,3,2,1,0,0,4,3,0,3,0,0,2,1,3,2,2,4,0,3,4,0,4,3
397,46,0,0,3,3,0,3,2,1,3,0,2,0,2,0,2,3,2,1,0,2,1,4,0,4,1
398,40,0,4,4,0,3,4,2,4,3,0,1,0,0,0,3,3,2,2,3,4,1,2,0,4,1
399,40,0,4,4,0,4,2,4,1,3,0,3,0,0,3,1,3,2,2,4,1,1,4,0,4,3
400,46,2,4,4,0,3,3,3,4,3,0,1,0,2,2,2,3,2,1,4,0,1,2,0,4,4
401,43,0,0,3,0,2,4,1,4,3,0,3,0,2,3,1,3,2,1,3,0,1,4,0,4,0
402,46,2,4,1,0,0,4,2,4,3,0,2,4,0,0,1,3,2,2,3,4,4,4,0,4,0
403,43,0,0,1,2,4,0,1,1,3,0,4,0,0,3,2,3,2,2,3,4,1,2,0,4,2
404,44,0,0,3,2,0,4,4,4,3,0,1,0,2,0,2,3,2,1,0,1,3,4,0,4,2
405,44,0,0,1,0,2,4,3,1,3,0,4,4,2,4,2,3,2,1,0,1,1,2,0,4,4
406,40,2,0,3,3,2,0,4,1,3,0,4,0,2,4,1,3,2,1,4,0,4,4,0,4,2
407,41,0,0,4,0,2,1,1,1,3,0,3,4,2,4,3,3,2,2,0,0,3,2,0,4,1
408,47,2,0,1,2,1,1,4,4,3,0,1,4,0,2,2,3,2,2,4,4,3,4,0,4,4
409,44,2,4,1,0,0,1,1,4,3,0,2,4,0,2,3,3,2,1,0,4,1,4,0,4,1
410,49,2,0,4,2,3,3,3,1,3,0,2,4,0,3,1,3,2,1,3,0,4,4,0,4,3
411,46,2,0,4,3,3,2,1,1,3,0,3,0,0,3,1,3,2,1,0,4,3,2,0,4,0
412,48,2,4,4,3,2,2,3,1,3,0,1,4,2,3,2,3,2,1,0,4,1,2,0,4,2
413,43,0,4,3,3,2,1,2,4,3,0,4,4,2,3,1,3,2,2,3,2,3,4,0,4,1
414,38,0,0,4,2,1,4,1,4,3,0,4,0,0,1,3,3,2,1,3,4,1,4,0,4,2
415,40,2,0,4,2,2,4,0,4,3,0,1,4,2,0,1,3,2,1,3,0,1,4,0,4,1
416,42,0,0,1,2,4,1,4,1,3,0,2,0,0,1,2,3,2,1,0,2,3,4,0,4,4
417,43,0,0,1,0,1,2,2,4,3,0,3,4,0,3,2,3,2,2,4,4,3,4,0,4,4
418,53,0,4,3,0,1,0,2,1,3,0,4,0,0,1,3,3,2,1,4,1,1,4,0,4,2
419,41,0,0,4,0,0,4,4,1,3,0,3,4,2,3,1,3,2,2,3,1,1,4,0,4,1
420,38,2,0,4,0,4,2,1,4,3,0,3,4,2,1,2,3,2,2,4,1,1,2,0,4,2
421,40,0,0,1,0,3,0,1,4,3,0,2,0,2,3,1,3,2,1,3,1,4,4,0,4,1
422,47,2,4,3,3,0,2,4,1,3,0,3,4,2,0,3,3,2,1,3,2,1,2,0,4,4
423,39,2,0,1,3,3,3,1,1,3,0,2,4,0,1,2,3,2,2,3,1,1,4,0,4,1
424,45,0,4,1,3,0,1,2,4,3,0,2,0,2,4,2,3,2,1,4,2,4,2,0,4,0
425,50,2,4,4,3,1,4,0,1,3,0,1,4,2,4,1,3,2,2,3,4,4,4,0,4,0
426,39,2,0,4,3,0,0,2,1,3,0,2,4,0,4,2,3,2,2,4,2,3,4,0,4,4
427,44,2,4,1,3,0,2,4,4,3,0,3,4,2,4,2,3,2,1,3,2,3,4,0,4,3
428,45,2,0,1,0,0,0,2,1,3,0,4,0,0,0,1,3,2,1,3,4,4,4,0,4,2
429,40,2,0,3,0,4,2,4,1,3,0,2,0,0,4,1,3,2,2,4,0,4,4,0,4,0
430,42,0,0,3,0,1,0,4,1,3,0,1,0,2,0,1,3,2,1,4,2,4,4,0,4,1
431,45,2,0,1,3,2,2,2,4,3,0,4,0,2,3,3,3,2,1,3,1,3,4,0,4,3
432,45,0,4,4,3,3,2,3,1,3,0,4,0,2,3,1,3,2,1,3,2,4,4,0,4,0
433,47,0,0,3,2,4,4,4,4,3,0,1,4,0,3,2,3,2,1,4,0,3,4,0,4,2
434,45,2,0,4,0,1,1,0,1,3,0,3,4,2,2,2,3,2,1,4,0,1,2,0,4,4
435,41,0,0,4,0,1,2,4,1,3,0,2,4,2,1,2,3,2,2,3,2,4,2,0,4,3
436,42,0,4,4,2,0,4,0,4,3,0,3,4,0,0,1,3,2,1,0,2,3,2,0,4,0
437,43,0,4,3,3,0,4,2,4,3,0,4,0,2,1,2,3,2,1,3,2,4,4,0,4,2
438,45,0,4,3,3,1,4,0,4,3,0,4,4,0,1,2,3,2,2,0,2,4,4,0,4,0
439,44,2,0,1,3,0,3,3,1,3,0,2,4,0,3,1,3,2,1,4,4,4,2,0,4,2
440,46,0,0,1,3,4,4,3,4,3,0,1,0,2,0,3,3,2,2,0,2,3,2,0,4,4
441,48,0,0,3,2,3,1,0,1,3,0,2,0,0,3,1,3,2,2,3,0,1,2,0,4,2
442,41,0,4,4,2,3,0,0,4,3,0,1,0,0,3,3,3,2,2,4,2,3,4,0,4,2
443,41,0,4,1,2,2,1,1,4,3,0,1,4,0,1,2,3,2,1,4,1,3,4,0,4,2
444,55,0,4,4,0,4,4,4,1,3,0,2,4,2,4,2,3,2,2,4,2,1,4,0,4,4
445,45,0,4,1,0,3,3,4,1,3,0,3,0,0,4,3,3,2,2,0,2,3,2,0,4,3
446,39,2,0,1,0,0,1,2,4,3,0,4,4,0,0,2,3,2,1,3,0,4,4,0,4,3
447,45,0,0,4,2,3,2,1,4,3,0,4,0,2,3,2,3,2,2,0,0,4,2,0,4,2
448,41,0,0,1,2,4,3,3,1,3,0,1,0,0,2,2,3,2,1,4,4,3,2,0,4,4
449,43,0,0,3,3,4,4,2,4,3,0,1,4,0,1,3,3,2,1,4,1,4,2,0,4,4
450,41,0,0,3,0,0,4,2,1,3,0,2,0,2,4,1,3,2,1,4,0,4,4,0,4,4
451,40,0,4,1,3,3,2,4,4,3,0,3,4,0,3,2,3,2,2,0,1,4,4,0,4,0
452,45,2,0,1,3,4,0,2,4,3,0,3,0,2,0,2,3,2,1,3,0,1,4,0,4,3
453,51,0,4,1,2,4,2,3,1,3,0,1,0,2,2,2,3,2,2,4,0,3,2,0,4,2
454,44,0,4,3,0,0,1,3,1,3,0,4,0,2,1,1,3,2,1,3,4,3,4,0,4,2
455,52,0,4,3,0,0,2,4,4,3,0,2,4,0,3,3,3,2,2,3,4,4,4,0,4,4
456,43,0,4,1,2,3,2,2,4,3,0,2,4,0,0,1,3,2,1,3,4,1,4,0,4,3
457,44,2,0,1,2,4,2,4,1,3,0,3,0,0,3,2,3,2,1,4,2,4,4,0,4,1
458,48,2,4,1,0,3,1,2,4,3,0,2,4,2,4,3,3,2,1,0,0,1,2,0,4,2
459,46,0,0,1,2,1,1,1,1,3,0,1,0,2,0,1,3,2,2,0,1,1,2,0,4,4
460,41,2,4,1,2,2,2,0,4,3,0,1,4,0,3,1,3,2,1,0,2,4,2,0,4,0
461,41,0,4,1,2,0,1,3,1,3,0,1,0,2,0,1,3,2,2,0,1,4,4,0,4,0
462,44,2,0,4,2,3,1,2,1,3,0,4,0,2,1,1,3,2,2,4,1,1,4,0,4,2
463,42,0,4,1,3,3,4,3,4,3,0,1,0,2,4,3,3,2,1,4,4,4,2,0,4,3
464,43,2,0,1,2,4,4,4,4,3,0,3,4,2,3,2,3,2,2,3,1,3,4,0,4,2
465,45,2,4,1,3,0,2,4,1,3,0,2,0,2,3,2,3,2,1,3,1,1,4,0,4,0
466,41,2,0,1,0,0,1,0,1,3,0,4,0,0,4,2,3,2,2,4,2,3,4,0,4,1
467,43,2,0,4,3,4,3,1,4,3,0,2,4,0,1,3,3,2,2,4,0,1,2,0,4,4
468,47,0,0,3,0,1,2,3,1,3,0,1,0,2,3,3,3,2,2,4,4,4,2,0,4,4
469,40,0,4,4,2,0,2,1,4,3,0,4,4,2,4,2,3,2,2,3,1,1,2,0,4,1
470,42,0,4,1,3,1,0,1,4,3,0,4,4,2,3,3,3,2,1,4,2,1,4,0,4,4
471,47,0,0,3,2,1,3,0,1,3,0,2,0,2,0,3,3,2,1,3,1,1,2,0,4,4
472,44,0,4,1,2,0,3,4,4,3,0,2,0,0,2,3,3,2,2,4,4,1,2,0,4,0
473,46,0,0,3,3,4,2,1,1,3,0,1,4,2,2,1,3,2,2,4,4,3,4,0,4,0
474,48,2,4,3,2,4,3,4,4,3,0,1,4,2,4,3,3,2,2,4,4,3,4,0,4,1
475,41,0,4,3,3,3,2,3,1,3,0,3,0,2,0,2,3,2,1,4,4,3,4,0,4,1
476,47,0,0,1,3,4,4,3,1,3,0,2,4,2,3,1,3,2,1,0,0,1,4,0,4,3
477,44,2,0,1,2,3,2,0,1,3,0,4,4,2,4,2,3,2,2,0,1,3,4,0,4,3
478,48,0,0,1,0,4,3,1,4,3,0,4,0,2,4,2,3,2,1,4,4,3,2,0,4,0
479,38,2,4,1,3,4,1,4,1,3,0,1,0,0,2,3,3,2,2,3,2,1,4,0,4,0
480,47,2,4,4,2,0,4,1,1,3,0,3,0,2,4,2,3,2,1,3,0,3,4,0,4,1
481,51,2,4,3,0,2,0,0,1,3,0,4,4,0,2,1,3,2,2,0,2,1,2,0,4,1
482,47,2,0,1,3,0,4,0,1,3,0,4,4,0,3,2,3,2,1,4,4,1,2,0,4,3
483,43,0,0,3,0,0,3,2,4,3,0,2,0,2,1,3,3,2,1,4,0,1,2,0,4,1
484,43,2,4,3,3,4,1,1,1,3,0,3,0,0,4,2,3,2,1,3,4,4,2,0,4,1
485,46,0,0,4,3,4,0,0,4,3,0,2,0,2,1,3,3,2,1,0,4,3,2,0,4,1
486,47,2,0,3,3,4,4,3,4,3,0,2,0,2,4,1,3,2,2,3,2,3,2,0,4,3
487,39,2,4,3,0,0,0,4,4,3,0,1,0,0,3,1,3,2,2,4,4,1,4,0,4,3
488,54,0,4,1,0,4,1,0,1,3,0,3,0,0,0,3,3,2,1,4,0,1,2,0,4,2
489,39,2,0,3,0,4,3,2,1,3,0,4,4,0,1,1,3,2,1,0,2,4,2,0,4,3
490,45,2,4,1,2,2,1,1,1,3,0,3,0,2,3,3,3,2,1,0,2,1,4,0,4,1
491,42,0,0,1,0,1,2,2,4,3,0,3,4,2,3,2,3,2,1,3,4,1,2,0,4,0
492,48,0,4,1,0,3,0,2,1,3,0,1,0,0,3,2,3,2,1,3,2,3,2,0,4,0
493,45,0,4,3,2,3,0,2,4,3,0,1,4,2,1,3,3,2,2,0,2,3,2,0,4,4
494,43,2,0,1,3,4,4,3,1,3,0,2,4,0,1,1,3,2,1,3,2,4,2,0,4,0
495,40,0,4,1,0,0,1,4,4,3,0,3,4,2,0,1,3,2,2,4,0,4,4,0,4,1
496,40,0,4,1,3,2,2,0,4,3,0,1,4,2,4,1,3,2,1,3,4,1,4,0,4,4
497,38,2,4,1,0,2,1,1,1,3,0,1,0,2,4,2,3,2,1,3,1,4,4,0,4,1
498,39,2,0,3,3,3,1,3,1,3,0,2,4,2,3,1,3,2,2,4,1,3,4,0,4,4
499,48,2,4,1,2,3,4,2,4,3,0,3,0,0,0,3,3,2,1,0,1,4,2,0,4,4
500,46,0,0,1,0,3,2,0,1,3,0,2,0,0,3,3,3,2,1,4,0,4,4,0,4,3
501,44,0,4,3,0,4,1,3,1,3,0,2,0,2,1,3,3,2,2,4,4,1,4,0,4,3
502,45,2,0,3,2,2,1,2,1,3,0,1,4,0,2,1,3,2,1,0,1,3,4,0,4,3
503,52,2,4,1,3,2,1,4,4,3,0,3,4,2,2,2,3,2,1,4,2,1,2,0,4,3
504,43,2,4,3,2,0,1,4,4,3,0,2,0,2,2,2,3,2,2,3,1,1,4,0,4,0
505,44,0,0,4,2,4,2,4,4,3,0,4,0,0,4,3,3,2,2,4,1,3,4,0,4,3
506,45,2,0,4,3,4,4,2,1,3,0,1,0,0,0,3,3,2,2,3,4,1,2,0,4,0
507,46,0,0,4,0,0,4,2,4,3,0,2,4,0,2,1,3,2,1,3,0,3,2,0,4,0
508,49,0,4,1,0,3,3,3,1,3,0,2,4,2,2,3,3,2,1,0,2,4,4,0,4,0
509,40,0,0,4,2,1,3,1,4,3,0,1,4,2,2,1,3,2,2,4,0,4,4,0,4,4
510,46,2,0,4,3,3,2,0,1,3,0,2,0,0,0,3,3,2,2,3,0,1,4,0,4,0
511,45,2,0,1,0,1,1,3,1,3,0,2,0,0,1,1,3,2,1,0,4,4,4,0,4,1
512,46,2,4,3,0,3,1,3,4,3,0,4,0,2,3,2,3,2,1,3,4,4,2,0,4,2
513,44,2,0,4,0,1,0,2,1,3,0,2,4,2,1,3,3,2,2,0,4,1,4,0,4,4
514,45,2,0,1,2,2,2,1,1,3,0,4,0,2,3,2,3,2,1,0,2,4,4,0,4,1
515,41,2,4,4,2,1,2,2,1,3,0,1,0,0,1,1,3,2,1,3,0,3,4,0,4,0
516,43,2,4,3,0,0,1,4,1,3,0,2,4,0,1,3,3,2,2,0,4,1,2,0,4,3
517,47,0,0,1,3,2,2,2,1,3,0,4,0,0,4,1,3,2,1,4,0,4,4,0,4,3
518,41,0,4,4,3,0,1,1,1,3,0,1,4,2,1,1,3,2,2,0,4,1,4,0,4,4
519,43,2,4,4,0,4,2,0,4,3,0,1,4,2,2,2,3,2,1,0,0,1,2,0,4,0
520,42,2,4,1,0,3,4,2,4,3,0,1,4,0,1,3,3,2,2,0,0,3,4,0,4,3
521,43,2,4,4,3,1,4,2,4,3,0,4,4,0,2,1,3,2,2,0,4,3,4,0,4,2
522,42,0,4,3,2,3,1,2,1,3,0,2,0,2,3,3,3,2,2,3,4,3,4,0,4,2
523,40,0,0,1,2,4,0,1,1,3,0,2,0,2,3,1,3,2,1,4,4,4,4,0,4,4
524,46,2,4,1,2,2,4,4,1,3,0,1,4,2,1,3,3,2,1,3,4,3,4,0,4,0
525,41,2,0,4,0,3,2,1,4,3,0,1,0,0,0,1,3,2,1,3,1,3,4,0,4,3
526,40,0,4,4,3,2,0,1,4,3,0,1,4,2,3,3,3,2,2,3,2,1,4,0,4,4
527,53,2,0,4,3,3,0,0,1,3,0,3,0,0,1,1,3,2,1,0,1,1,2,0,4,1
528,45,2,4,1,2,4,4,1,1,3,0,1,0,2,1,2,3,2,2,3,0,1,4,0,4,0
529,42,0,4,4,0,0,0,0,1,3,0,3,4,2,1,1,3,2,2,0,2,4,4,0,4,4
530,49,0,0,4,2,4,3,1,1,3,0,3,4,2,1,2,3,2,2,4,4,3,2,0,4,0
531,40,2,4,4,0,3,0,0,1,3,0,2,0,0,2,2,3,2,2,3,1,3,4,0,4,1
532,44,0,0,4,0,4,4,1,1,3,0,4,0,2,3,1,3,2,1,4,0,3,4,0,4,0
533,42,0,4,4,3,0,3,1,1,3,0,1,0,0,3,2,3,2,2,4,2,4,4,0,4,0
534,45,2,0,4,0,2,3,1,4,3,0,2,0,2,4,2,3,2,2,0,2,4,4,0,4,4
535,43,0,4,4,3,1,3,2,4,3,0,3,0,0,1,1,3,2,2,3,4,1,4,0,4,1
536,43,0,0,3,3,3,0,2,1,3,0,2,4,0,4,1,3,2,1,3,1,3,4,0,4,1
537,42,0,0,4,2,1,4,2,1,3,0,3,0,0,3,2,3,2,2,4,0,4,4,0,4,2
538,43,0,4,3,2,2,2,3,1,3,0,1,0,2,1,1,3,2,1,3,1,3,4,0,4,1
539,45,2,4,1,2,0,4,0,1,3,0,3,0,2,4,3,3,2,2,3,1,3,2,0,4,1
540,49,2,0,3,2,0,1,3,4,3,0,1,4,0,4,1,3,2,1,4,4,4,4,0,4,4
541,49,2,4,4,3,0,2,2,1,3,0,1,4,2,4,2,3,2,1,3,4,1,2,0,4,1
542,41,2,4,1,0,3,1,4,4,3,0,4,0,2,3,3,3,2,1,3,4,1,4,0,4,0
543,38,2,4,1,0,1,1,3,1,3,0,1,0,0,2,2,3,2,1,0,4,4,4,0,4,0
544,44,0,0,1,2,0,3,2,1,3,0,2,0,2,4,2,3,2,1,3,0,3,4,0,4,0
545,45,0,4,3,3,4,0,1,1,3,0,1,0,0,4,1,3,2,1,3,2,3,4,0,4,4
546,46,2,4,1,0,0,0,2,1,3,0,1,0,2,3,2,3,2,1,4,1,4,4,0,4,4
547,41,0,0,1,2,1,4,1,1,3,0,3,4,2,4,3,3,2,1,3,4,4,4,0,4,4
548,42,2,4,3,2,3,1,3,1,3,0,1,0,0,0,2,3,2,1,4,0,3,4,0,4,4
549,43,0,4,3,2,0,1,1,1,3,0,4,0,2,3,2,3,2,1,0,4,4,4,0,4,0
550,44,2,4,1,2,4,3,1,4,3,0,1,4,2,3,1,3,2,2,4,4,1,4,0,4,4
551,45,0,4,4,2,0,1,1,4,3,0,2,4,0,0,2,3,2,1,4,0,4,4,0,4,0
552,42,0,0,4,3,2,4,2,1,3,0,3,4,0,0,2,3,2,1,0,4,4,4,0,4,0
553,42,2,0,4,0,4,2,4,1,3,0,3,0,2,3,1,3,2,2,4,1,4,4,0,4,4
554,46,2,4,1,3,0,4,4,4,3,0,3,4,0,3,3,3,2,1,3,4,3,4,0,4,4
555,49,2,4,4,2,0,0,3,1,3,0,4,0,2,0,3,3,2,1,3,2,1,4,0,4,0
556,47,0,0,3,2,0,0,2,1,3,0,2,0,2,3,2,3,2,2,0,2,3,2,0,4,4
557,43,2,0,3,2,2,1,4,1,3,0,2,4,0,2,3,3,2,2,4,0,3,2,0,4,1
558,40,2,0,4,0,0,4,3,4,3,0,4,0,2,0,2,3,2,2,3,2,3,4,0,4,4
559,41,2,4,1,2,4,4,3,4,3,0,1,0,0,0,3,3,2,1,0,0,1,2,0,4,0
560,40,2,4,3,3,0,3,3,1,3,0,1,0,2,4,3,3,2,2,3,2,4,2,0,4,2
561,41,0,0,4,3,0,3,2,4,3,0,1,0,2,3,1,3,2,2,0,2,4,2,0,4,3
562,42,2,4,1,2,4,1,3,4,3,0,3,4,0,4,3,3,2,2,3,0,4,2,0,4,2
563,42,2,4,3,3,0,4,1,4,3,0,2,4,2,0,3,3,2,1,4,4,3,4,0,4,2
564,44,2,4,4,0,1,0,2,1,3,0,3,4,2,4,3,3,2,1,3,4,4,4,0,4,3
565,48,2,4,1,2,2,0,2,1,3,0,3,0,0,0,1,3,2,2,4,4,3,4,0,4,3
566,42,2,4,3,3,1,0,0,4,3,0,3,4,0,4,3,3,2,1,0,0,4,2,0,4,3
567,46,2,4,4,3,4,1,0,4,3,0,2,4,0,2,2,3,2,1,0,0,4,2,0,4,2
568,43,2,0,1,2,2,0,4,1,3,0,4,0,0,3,2,3,2,1,3,1,1,2,0,4,1
569,48,0,0,1,3,1,0,2,4,3,0,4,0,0,2,2,3,2,2,0,4,1,2,0,4,1
570,45,0,4,1,0,1,2,3,4,3,0,4,4,0,4,1,3,2,1,3,0,4,2,0,4,2
571,44,2,4,3,2,4,4,2,4,3,0,4,4,0,2,1,3,2,2,4,1,1,4,0,4,2
572,42,2,4,3,0,4,4,3,4,3,0,1,4,2,1,2,3,2,2,4,0,4,4,0,4,4
573,45,2,4,4,2,3,0,0,1,3,0,1,0,2,1,3,3,2,1,0,0,4,2,0,4,1
574,47,0,0,3,2,1,2,3,1,3,0,3,4,2,2,3,3,2,1,4,0,3,2,0,4,0
575,42,0,4,4,3,1,1,0,4,3,0,3,0,2,2,2,3,2,1,3,2,4,2,0,4,0
576,41,2,4,3,0,4,2,1,1,3,0,2,0,2,2,2,3,2,1,3,4,1,4,0,4,3
577,47,2,4,4,2,4,1,4,4,3,0,4,4,0,3,1,3,2,1,3,1,4,4,0,4,0
578,40,0,4,4,3,1,2,1,1,3,0,1,0,0,1,1,3,2,2,0,0,1,4,0,4,2
579,39,0,4,4,2,4,2,3,4,3,0,4,4,0,0,3,3,2,1,0,1,4,4,0,4,1
580,43,2,0,3,2,3,1,4,4,3,0,2,4,0,1,2,3,2,1,3,1,4,2,0,4,2
581,43,0,0,1,2,4,2,1,4,3,0,4,4,0,4,3,3,2,1,0,4,4,4,0,4,1
582,47,0,4,3,0,2,4,0,4,3,0,1,0,0,0,3,3,2,2,4,4,4,2,0,4,4
583,48,0,0,4,3,3,3,2,4,3,0,2,4,0,4,1,3,2,1,3,2,1,2,0,4,2
584,45,0,0,4,0,2,0,4,4,3,0,4,0,2,4,3,3,2,1,4,0,1,2,0,4,3
585,44,2,0,3,2,3,0,0,4,3,0,4,0,0,4,3,3,2,1,3,2,3,2,0,4,1
586,57,0,4,4,2,2,2,2,1,3,0,3,0,0,2,1,3,2,2,0,2,3,2,0,4,0
587,48,2,4,3,0,3,3,3,4,3,0,4,0,0,4,3,3,2,1,3,4,1,4,0,4,4
588,43,0,4,1,3,0,0,0,4,3,0,2,4,0,2,2,3,2,1,4,2,1,2,0,4,1
589,40,0,0,3,2,0,1,3,1,3,0,4,0,2,1,3,3,2,2,4,4,1,2,0,4,0
590,44,0,0,3,0,3,2,4,4,3,0,1,0,0,3,3,3,2,2,3,0,4,4,0,4,1
591,44,2,4,1,0,0,0,2,1,3,0,3,0,2,3,3,3,2,2,0,4,1,4,0,4,3
592,40,0,0,1,0,2,4,0,4,3,0,2,4,0,1,2,3,2,2,3,1,1,4,0,4,1
593,46,0,4,4,3,0,3,1,1,3,0,1,4,2,4,3,3,2,2,3,4,4,2,0,4,1
594,40,0,4,4,3,0,1,1,1,3,0,3,4,0,3,3,3,2,2,4,0,1,4,0,4,0
595,45,2,0,3,0,3,3,2,1,3,0,3,4,0,2,3,3,2,1,4,1,4,4,0,4,3
596,41,0,4,4,2,1,1,4,4,3,0,2,0,0,1,1,3,2,1,4,2,3,4,0,4,3
597,40,0,4,4,0,3,0,4,1,3,0,2,4,2,0,1,3,2,2,0,2,1,4,0,4,2
598,43,0,0,3,0,2,2,4,4,3,0,1,0,0,4,3,3,2,2,0,1,3,4,0,4,4
599,45,0,0,4,2,3,1,0,1,3,0,1,4,0,0,2,3,2,2,3,1,4,2,0,4,4
600,44,2,0,4,2,2,0,2,1,3,0,1,4,2,0,1,3,2,2,3,4,4,2,0,4,3
601,40,2,4,4,3,1,4,0,4,3,0,4,0,2,0,1,3,2,2,0,2,1,2,0,4,4
602,42,2,0,3,2,3,0,4,1,3,0,1,4,2,1,1,3,2,1,0,0,3,2,0,4,3
603,44,0,4,4,3,0,1,1,1,3,0,1,0,2,1,2,3,2,1,3,1,4,2,0,4,3
604,43,0,4,4,2,3,3,4,1,3,0,1,0,0,4,3,3,2,2,3,0,1,4,0,4,3
605,46,0,0,3,2,2,0,2,1,3,0,3,0,2,3,2,3,2,1,4,4,1,2,0,4,0
606,39,2,4,1,0,4,0,2,1,3,0,2,0,2,2,1,3,2,2,4,4,4,4,0,4,1
607,45,2,4,4,3,4,4,0,1,3,0,4,0,0,1,3,3,2,1,3,2,1,2,0,4,4
608,47,0,0,1,2,1,4,0,4,3,0,4,0,2,3,2,3,2,2,0,0,4,2,0,4,1
609,45,0,4,4,3,3,4,0,4,3,0,2,0,0,3,2,3,2,1,0,0,1,2,0,4,1
610,40,2,4,3,3,1,2,1,1,3,0,1,4,0,0,2,3,2,2,0,0,4,2,0,4,3
611,48,2,4,4,0,2,4,1,4,3,0,3,0,2,2,3,3,2,1,3,4,3,4,0,4,4
612,40,0,4,1,3,3,2,4,1,3,0,3,4,0,1,3,3,2,1,0,0,4,4,0,4,3
613,44,2,0,1,3,2,1,4,4,3,0,1,0,2,1,1,3,2,1,3,0,1,2,0,4,3
614,41,2,0,4,2,1,1,3,1,3,0,4,0,2,0,3,3,2,1,4,2,3,4,0,4,3
615,43,2,0,4,3,0,2,3,1,3,0,3,0,0,4,2,3,2,2,0,4,1,4,0,4,2
616,46,0,4,4,3,2,1,0,4,3,0,3,0,0,3,1,3,2,2,0,2,3,2,0,4,4
617,49,0,0,1,0,4,4,3,1,3,0,4,4,2,2,3,3,2,1,4,4,4,2,0,4,0
618,38,2,4,4,3,0,0,0,1,3,0,1,4,0,1,2,3,2,2,3,4,4,4,0,4,1
619,43,2,4,3,3,3,0,2,1,3,0,3,0,0,4,3,3,2,1,0,1,4,4,0,4,3
620,50,2,0,1,2,1,3,0,4,3,0,1,0,0,2,1,3,2,1,3,0,1,2,0,4,0
621,38,2,4,4,2,3,0,3,4,3,0,4,0,0,3,1,3,2,1,0,4,1,4,0,4,2
622,42,0,4,3,0,3,4,2,4,3,0,1,4,0,2,1,3,2,2,0,1,1,4,0,4,0
623,43,2,0,1,2,0,4,0,4,3,0,2,0,0,3,2,3,2,1,0,0,1,2,0,4,3
624,43,2,0,1,0,0,0,1,4,3,0,3,4,2,4,2,3,2,2,3,1,1,2,0,4,0
625,49,0,0,3,2,1,3,3,1,3,0,2,0,0,3,3,3,2,1,4,0,1,2,0,4,4
626,42,0,0,1,3,1,0,3,1,3,0,1,0,2,4,1,3,2,2,3,4,4,4,0,4,4
627,42,0,0,4,2,4,4,4,4,3,0,4,4,2,3,2,3,2,2,0,0,3,2,0,4,0
628,51,0,4,1,3,3,4,0,4,3,0,1,4,0,3,1,3,2,1,0,0,4,4,0,4,2
629,42,0,4,4,2,1,2,4,4,3,0,3,0,2,2,3,3,2,1,4,4,3,4,0,4,0
630,47,0,4,1,0,4,2,2,1,3,0,2,0,0,0,2,3,2,1,0,1,1,2,0,4,1
631,43,0,0,3,2,0,0,0,4,3,0,3,4,0,3,2,3,2,2,4,1,3,4,0,4,4
632,46,2,4,1,3,4,3,1,4,3,0,4,0,2,0,1,3,2,2,3,0,3,2,0,4,1
633,44,0,4,1,0,1,2,1,4,3,0,4,0,0,0,1,3,2,1,3,1,4,2,0,4,4
634,45,0,0,1,2,1,1,4,1,3,0,4,0,0,0,2,3,2,1,4,1,4,4,0,4,2
635,45,2,4,3,0,4,4,1,1,3,0,3,0,2,1,2,3,2,1,4,2,1,2,0,4,3
636,42,0,0,4,0,0,3,4,1,3,0,2,4,0,1,3,3,2,1,4,4,3,2,0,4,1
637,43,2,0,3,2,1,3,4,1,3,0,1,0,2,3,3,3,2,2,0,4,3,4,0,4,3
638,48,0,4,1,3,4,0,3,4,3,0,2,4,0,4,2,3,2,2,0,2,1,2,0,4,2
639,45,2,0,4,3,1,3,1,1,3,0,2,4,2,1,3,3,2,1,4,4,3,2,0,4,3
640,46,2,0,1,2,2,3,1,4,3,0,4,4,2,2,2,3,2,2,0,0,4,4,0,4,4
641,42,0,4,1,2,2,3,3,4,3,0,2,0,2,1,1,3,2,2,3,4,4,2,0,4,1
642,45,0,0,3,2,1,2,4,1,3,0,3,0,0,4,1,3,2,1,0,4,4,2,0,4,4
643,48,2,4,3,0,2,1,4,4,3,0,2,0,2,3,3,3,2,1,3,4,3,2,0,4,4
644,41,0,0,1,2,0,0,4,1,3,0,2,4,0,0,1,3,2,2,3,4,3,4,0,4,2
645,46,0,0,1,2,3,3,1,4,3,0,4,0,2,2,2,3,2,1,3,2,1,4,0,4,3
646,42,2,0,3,0,4,3,3,4,3,0,1,4,2,1,3,3,2,1,4,2,1,2,0,4,0
647,43,2,0,3,2,2,3,4,1,3,0,1,0,2,3,3,3,2,1,3,1,1,4,0,4,0
648,40,0,4,4,2,0,3,3,4,3,0,3,4,2,2,3,3,2,2,0,4,3,4,0,4,4
649,42,0,4,1,3,1,2,4,1,3,0,3,4,0,0,3,3,2,2,0,4,3,4,0,4,1
650,47,0,0,1,0,4,3,2,4,3,0,3,4,2,1,1,3,2,1,3,0,1,2,0,4,0
651,41,0,4,3,3,1,4,3,1,3,0,2,0,2,0,3,3,2,2,0,2,1,4,0,4,4
652,47,2,4,4,3,0,4,0,4,3,0,4,0,0,3,1,3,2,2,4,4,4,4,0,4,2
653,50,2,4,4,0,2,2,1,4,3,0,2,0,2,4,1,3,2,1,3,4,3,2,0,4,3
654,49,0,4,3,3,2,3,2,4,3,0,3,0,0,3,2,3,2,1,4,2,1,2,0,4,0
655,46,0,4,1,0,4,0,0,1,3,0,2,0,0,1,3,3,2,2,3,4,3,4,0,4,3
656,45,0,0,3,0,3,4,4,4,3,0,4,0,0,0,1,3,2,2,0,0,3,4,0,4,3
657,43,2,0,3,3,3,1,1,4,3,0,4,0,0,3,3,3,2,2,0,2,4,4,0,4,2
658,45,2,0,3,2,3,4,0,4,3,0,4,0,2,1,2,3,2,1,0,1,3,2,0,4,3
659,46,2,0,1,2,1,3,2,4,3,0,4,0,0,3,3,3,2,2,4,4,3,2,0,4,0
660,41,2,0,1,3,3,0,0,4,3,0,3,4,0,4,3,3,2,2,4,1,4,4,0,4,3
661,44,0,4,4,2,3,1,1,4,3,0,1,0,0,0,3,3,2,1,3,0,1,4,0,4,3
662,47,0,0,3,3,0,4,0,1,3,0,2,4,0,4,2,3,2,1,4,1,4,4,0,4,0
663,45,2,4,4,0,4,4,1,4,3,0,1,0,2,4,2,3,2,1,4,0,3,2,0,4,4
664,46,0,0,4,2,3,3,3,4,3,0,1,0,2,2,1,3,2,1,0,0,4,2,0,4,1
665,41,2,0,1,3,2,3,4,1,3,0,1,0,0,3,3,3,2,1,4,1,3,4,0,4,4
666,48,2,0,1,0,2,2,1,4,3,0,1,0,2,3,3,3,2,2,3,4,3,2,0,4,1
667,43,2,0,4,3,1,1,2,1,3,0,1,0,0,2,3,3,2,2,4,1,4,2,0,4,3
668,42,0,0,3,0,3,3,0,1,3,0,4,4,0,3,2,3,2,2,4,0,1,2,0,4,1
669,42,2,4,1,3,3,4,4,4,3,0,1,4,0,0,1,3,2,1,4,4,3,2,0,4,1
670,42,2,0,1,2,4,1,1,1,3,0,1,4,2,4,1,3,2,1,0,4,4,4,0,4,2
671,41,0,4,3,0,1,2,3,1,3,0,1,4,2,3,3,3,2,2,4,2,4,4,0,4,4
672,46,0,4,1,0,1,0,0,4,3,0,4,4,0,3,2,3,2,2,0,4,3,2,0,4,3
673,43,0,4,1,0,4,1,4,1,3,0,3,0,0,0,3,3,2,2,4,1,4,2,0,4,1
674,40,2,4,4,2,3,0,0,1,3,0,3,4,0,0,1,3,2,2,4,2,1,4,0,4,2
675,43,0,4,3,0,2,2,1,4,3,0,1,0,0,4,2,3,2,2,0,1,3,4,0,4,0
676,49,2,0,1,3,4,1,3,4,3,0,2,4,2,4,3,3,2,2,3,2,3,2,0,4,2
677,45,2,0,3,2,3,3,0,4,3,0,1,4,2,3,1,3,2,2,4,2,4,2,0,4,0
678,40,0,0,3,2,2,2,2,4,3,0,2,4,2,3,1,3,2,1,4,2,1,4,0,4,1
679,48,0,4,4,0,0,0,4,1,3,0,4,4,0,2,1,3,2,1,4,0,3,4,0,4,0
680,46,0,4,4,3,2,2,4,4,3,0,3,0,2,2,1,3,2,1,0,4,4,2,0,4,2
681,44,0,4,3,0,1,0,2,1,3,0,4,4,2,2,2,3,2,1,0,4,4,4,0,4,4
682,45,2,0,4,0,1,0,2,1,3,0,3,0,2,0,1,3,2,2,4,0,1,4,0,4,4
683,45,2,4,4,2,1,0,2,1,3,0,1,0,0,4,3,3,2,1,3,2,4,4,0,4,1
684,44,0,4,4,3,1,0,4,4,3,0,4,0,2,3,1,3,2,2,3,0,4,2,0,4,0
685,43,0,4,4,0,4,1,1,4,3,0,3,4,2,4,1,3,2,2,0,4,4,2,0,4,0
686,40,0,4,3,3,4,0,4,1,3,0,2,0,0,1,2,3,2,2,4,2,3,4,0,4,2
687,40,2,4,4,2,3,3,4,4,3,0,2,4,0,2,2,3,2,1,3,2,3,4,0,4,0
688,38,0,4,1,2,0,3,4,4,3,0,4,4,0,1,1,3,2,2,0,1,3,4,0,4,1
689,40,2,0,1,3,0,4,0,1,3,0,3,4,2,4,1,3,2,1,4,4,4,2,0,4,0
690,46,0,0,3,0,2,1,2,1,3,0,2,0,2,1,3,3,2,1,0,4,1,4,0,4,4
691,42,0,4,1,3,1,4,3,4,3,0,4,0,0,1,2,3,2,2,0,0,1,2,0,4,4
692,47,2,4,1,0,2,4,3,1,3,0,4,0,0,0,3,3,2,1,3,0,1,2,0,4,4
693,42,0,0,3,0,2,0,4,4,3,0,4,4,2,1,1,3,2,2,3,0,1,2,0,4,0
694,44,0,4,1,3,3,4,0,1,3,0,2,0,0,3,1,3,2,1,0,1,4,4,0,4,0
695,39,2,0,4,0,1,0,3,1,3,0,1,4,0,3,1,3,2,2,4,2,1,4,0,4,3
696,43,2,4,1,0,2,0,3,4,3,0,4,0,0,3,3,3,2,1,3,2,3,2,0,4,4
697,40,0,4,1,2,3,2,4,1,3,0,1,4,2,2,3,3,2,2,3,2,4,4,0,4,3
698,47,2,0,3,0,2,3,3,1,3,0,1,0,0,0,2,3,2,2,3,2,4,2,0,4,4
699,42,2,0,4,2,1,1,3,4,3,0,2,4,0,4,1,3,2,1,3,4,4,2,0,4,2
700,47,2,4,1,2,1,3,0,4,3,0,4,0,0,0,1,3,2,1,4,0,1,2,0,4,4
701,43,2,4,1,2,0,4,4,1,3,0,3,0,0,0,1,3,2,2,4,4,1,4,0,4,4
702,40,0,0,1,0,0,3,2,4,3,0,3,4,2,2,1,3,2,1,3,1,4,2,0,4,4
703,41,2,0,3,2,3,1,0,4,3,0,1,0,0,0,3,3,2,2,0,4,3,2,0,4,1
704,41,0,0,1,0,3,3,3,1,3,0,2,4,0,0,3,3,2,1,3,2,1,2,0,4,3
705,40,2,0,1,0,2,2,1,4,3,0,1,0,2,1,2,3,2,2,3,1,1,2,0,4,1
706,42,2,4,3,2,3,3,1,1,3,0,1,4,0,2,1,3,2,2,3,4,3,2,0,4,1
707,43,0,4,1,0,2,3,1,1,3,0,1,4,2,2,1,3,2,1,0,4,4,2,0,4,1
708,46,0,4,1,3,3,3,1,1,3,0,1,4,0,2,1,3,2,1,3,0,3,4,0,4,3
709,41,2,0,4,2,4,2,1,1,3,0,2,0,0,1,3,3,2,2,4,0,1,4,0,4,0
710,41,0,0,1,2,3,3,4,1,3,0,4,4,2,2,3,3,2,1,4,4,1,4,0,4,4
711,44,0,4,1,3,4,2,4,4,3,0,1,0,0,4,2,3,2,1,4,2,1,4,0,4,0
712,39,2,0,3,2,3,4,1,1,3,0,4,4,2,4,3,3,2,2,4,2,4,4,0,4,3
713,44,2,0,4,0,1,3,2,4,3,0,1,0,2,1,2,3,2,1,4,2,4,4,0,4,1
714,41,2,4,1,3,2,0,0,1,3,0,4,0,0,2,3,3,2,2,0,4,1,4,0,4,1
715,46,0,4,4,3,3,1,4,1,3,0,2,0,2,0,3,3,2,2,0,4,3,4,0,4,4
716,49,0,4,3,2,0,3,0,1,3,0,2,0,2,1,2,3,2,1,0,4,3,2,0,4,4
717,46,2,4,3,0,3,1,1,4,3,0,1,4,2,3,3,3,2,1,3,2,3,2,0,4,2
718,46,0,4,3,0,2,0,0,4,3,0,3,0,2,1,2,3,2,2,3,1,4,2,0,4,1
719,43,2,0,4,3,4,1,1,4,3,0,3,4,0,2,2,3,2,1,4,0,4,4,0,4,1
720,43,0,4,4,0,3,4,2,1,3,0,3,0,0,0,3,3,2,1,4,1,3,2,0,4,4
721,44,0,0,1,0,4,3,0,4,3,0,4,4,0,4,3,3,2,1,0,2,1,2,0,4,0
722,48,2,0,3,3,0,3,2,4,3,0,3,4,0,4,3,3,2,1,4,2,1,2,0,4,3
723,49,0,0,4,0,4,4,2,1,3,0,3,4,2,0,2,3,2,2,0,4,3,2,0,4,4
724,38,0,4,1,0,4,1,1,4,3,0,1,0,2,4,2,3,2,2,3,2,3,4,0,4,3
725,47,0,0,3,0,1,3,2,4,3,0,2,4,2,4,2,3,2,1,0,0,3,4,0,4,1
726,43,2,0,3,2,3,2,3,4,3,0,1,4,2,2,2,3,2,1,3,0,3,2,0,4,3
727,42,2,4,1,2,0,2,3,4,3,0,2,4,2,0,2,3,2,1,0,1,1,4,0,4,3
728,48,0,4,1,3,2,2,2,4,3,0,2,4,0,2,2,3,2,1,0,1,1,2,0,4,3
729,45,2,0,1,2,0,2,3,1,3,0,1,0,2,1,1,3,2,2,0,0,4,2,0,4,2
730,47,0,0,3,3,2,0,3,4,3,0,1,0,0,0,1,3,2,1,3,0,4,2,0,4,4
731,44,2,0,3,2,2,1,1,4,3,0,2,0,2,0,2,3,2,2,0,4,3,2,0,4,0
732,41,0,4,4,0,4,1,2,1,3,0,3,4,2,2,3,3,2,2,0,4,1,4,0,4,3
733,39,2,4,1,3,3,1,2,1,3,0,1,4,0,4,3,3,2,2,3,2,4,4,0,4,0
734,43,0,4,1,3,4,0,1,1,3,0,4,0,2,0,1,3,2,1,4,0,4,4,0,4,4
735,45,2,0,1,0,3,3,4,1,3,0,2,4,0,1,3,3,2,2,4,4,3,2,0,4,1
736,45,0,4,4,2,2,4,3,1,3,0,4,4,0,0,2,3,2,1,4,2,3,4,0,4,0
737,49,2,0,1,3,2,0,3,1,3,0,4,4,2,3,1,3,2,1,3,2,3,2,0,4,0
738,45,2,4,4,0,4,0,4,4,3,0,3,4,2,2,1,3,2,2,4,0,4,2,0,4,2
739,42,0,4,1,0,2,3,1,1,3,0,2,4,2,0,2,3,2,1,3,4,1,2,0,4,3
740,47,0,4,3,0,4,1,4,1,3,0,4,0,0,3,2,3,2,1,3,0,4,2,0,4,1
741,42,2,4,3,3,4,0,4,4,3,0,1,4,2,2,1,3,2,2,0,2,4,2,0,4,1
742,41,0,0,4,2,0,4,4,1,3,0,1,4,0,0,3,3,2,2,4,0,4,4,0,4,0
743,43,0,0,1,0,3,4,1,4,3,0,2,4,0,1,3,3,2,1,4,0,3,4,0,4,2
744,39,0,4,3,0,4,1,4,1,3,0,3,4,2,1,1,3,2,2,3,2,1,4,0,4,3
745,44,0,4,3,0,0,4,4,4,3,0,4,4,0,2,2,3,2,2,0,4,4,2,0,4,4
746,47,0,4,1,3,0,4,4,4,3,0,3,0,2,2,2,3,2,1,4,4,3,2,0,4,1
747,44,2,0,3,3,3,3,2,4,3,0,3,0,0,4,1,3,2,1,0,1,4,4,0,4,4
748,47,0,0,3,0,1,2,3,1,3,0,4,4,2,1,1,3,2,1,0,0,3,4,0,4,3
749,45,2,4,4,2,0,0,4,4,3,0,4,0,2,2,2,3,2,1,4,0,4,4,0,4,0
750,48,2,4,1,3,4,2,2,4,3,0,2,0,2,1,3,3,2,1,4,0,4,4,0,4,4
751,43,2,0,1,0,3,4,4,4,3,0,1,4,2,2,1,3,2,1,4,1,3,2,0,4,2
752,39,2,0,1,2,1,0,4,1,3,0,1,0,0,0,1,3,2,2,0,0,1,4,0,4,1
753,43,2,4,4,0,4,0,2,4,3,0,4,0,0,0,1,3,2,2,3,2,4,4,0,4,4
754,49,0,0,3,3,3,1,2,4,3,0,4,4,2,4,1,3,2,1,0,1,1,2,0,4,0
755,39,0,0,1,3,0,0,2,4,3,0,3,4,0,1,1,3,2,2,3,2,1,4,0,4,1
756,40,0,4,1,0,3,0,1,1,3,0,4,0,2,4,2,3,2,2,0,0,3,4,0,4,1
757,50,2,4,4,2,4,2,2,4,3,0,3,0,2,2,3,3,2,1,3,0,4,2,0,4,0
758,38,2,0,4,2,2,4,1,4,3,0,3,4,0,2,2,3,2,2,3,1,1,4,0,4,3
759,39,2,4,3,3,2,4,3,1,3,0,3,0,0,4,1,3,2,1,0,2,4,4,0,4,4
760,40,2,4,1,0,4,4,1,4,3,0,2,0,2,0,1,3,2,1,3,0,1,4,0,4,2
761,48,2,0,3,0,0,3,2,4,3,0,4,0,0,3,2,3,2,2,3,4,4,2,0,4,0
762,42,0,0,1,3,3,1,2,4,3,0,1,4,0,0,3,3,2,1,4,2,3,2,0,4,0
763,45,2,4,4,3,2,3,3,4,3,0,4,4,2,0,1,3,2,1,0,2,4,2,0,4,3
764,44,2,0,3,3,3,3,3,1,3,0,2,4,0,3,3,3,2,2,0,1,3,4,0,4,2
765,45,2,4,3,2,4,0,1,4,3,0,2,4,2,3,2,3,2,2,0,1,3,2,0,4,2
766,41,2,0,1,3,0,4,3,1,3,0,1,4,2,0,1,3,2,2,4,2,4,4,0,4,2
767,43,2,4,3,3,1,3,0,1,3,0,1,4,0,1,2,3,2,2,0,0,4,4,0,4,1
768,46,2,0,1,0,3,0,4,1,3,0,3,0,2,4,2,3,2,1,3,4,1,2,0,4,0
769,41,0,4,3,0,1,0,4,4,3,0,2,0,0,4,3,3,2,2,3,2,3,4,0,4,4
770,46,2,0,1,3,4,1,1,4,3,0,2,4,2,0,1,3,2,2,4,4,4,4,0,4,0
771,45,0,0,3,2,2,0,4,1,3,0,1,0,2,3,1,3,2,2,4,4,4,2,0,4,2
772,46,2,4,4,3,1,3,3,4,3,0,1,4,2,0,1,3,2,2,3,4,3,4,0,4,3
773,45,2,4,4,3,4,1,4,1,3,0,1,0,2,2,1,3,2,2,0,0,4,2,0,4,3
774,50,0,4,1,2,0,3,3,1,3,0,2,0,2,3,3,3,2,1,0,0,3,2,0,4,4
775,43,0,0,3,3,4,1,4,4,3,0,2,4,0,4,2,3,2,1,4,4,4,2,0,4,3
776,46,2,4,1,2,1,4,0,1,3,0,4,4,2,2,3,3,2,1,3,1,3,2,0,4,2
777,44,2,0,1,2,3,3,0,1,3,0,2,4,0,1,1,3,2,2,3,2,1,4,0,4,1
778,47,0,4,4,0,2,4,4,1,3,0,2,4,0,2,3,3,2,1,0,0,3,4,0,4,4
779,43,0,4,4,0,4,4,4,4,3,0,1,4,0,4,1,3,2,2,4,4,4,2,0,4,1
780,46,2,4,3,0,2,0,0,1,3,0,1,0,2,0,2,3,2,1,0,1,4,4,0,4,1
781,45,2,0,4,0,3,0,2,1,3,0,1,0,0,3,1,3,2,1,4,2,4,2,0,4,0
782,44,0,4,1,0,2,3,0,1,3,0,1,4,0,1,1,3,2,2,0,4,1,4,0,4,3
783,38,2,0,4,2,3,0,2,4,3,0,3,0,0,1,3,3,2,2,4,1,4,2,0,4,3
784,44,2,4,1,3,2,0,4,1,3,0,1,0,2,0,2,3,2,1,4,0,1,2,0,4,0
785,45,2,0,4,2,3,2,0,4,3,0,3,4,2,3,3,3,2,2,3,0,4,2,0,4,4
786,42,0,4,3,0,1,3,3,4,3,0,1,4,0,2,1,3,2,2,4,2,4,4,0,4,3
787,47,0,4,3,2,2,0,2,1,3,0,2,0,2,2,3,3,2,1,3,1,1,2,0,4,2
788,42,2,0,1,3,2,4,2,4,3,0,3,4,0,3,1,3,2,2,4,4,4,2,0,4,1
789,45,0,0,4,2,1,1,3,1,3,0,3,4,0,1,1,3,2,2,0,0,4,2,0,4,1
790,42,0,4,1,3,4,1,1,1,3,0,2,0,0,4,3,3,2,1,0,0,3,2,0,4,4
791,50,0,0,3,2,1,2,2,4,3,0,3,4,2,2,2,3,2,1,4,2,3,4,0,4,3
792,44,2,0,4,2,0,1,2,1,3,0,1,4,2,2,2,3,2,1,4,0,3,2,0,4,3
793,49,2,0,3,2,1,4,3,1,3,0,3,0,0,4,1,3,2,1,4,2,3,4,0,4,2
794,45,2,0,4,3,3,3,1,1,3,0,3,4,2,0,1,3,2,1,4,2,1,4,0,4,1
795,46,2,4,4,0,2,4,1,1,3,0,4,4,0,0,1,3,2,1,4,1,1,2,0,4,1
796,45,2,0,4,0,4,0,1,4,3,0,4,0,2,4,3,3,2,2,0,4,4,2,0,4,3
797,44,2,4,3,3,2,2,2,4,3,0,1,4,2,1,1,3,2,1,0,0,4,4,0,4,0
798,44,2,4,3,2,1,2,4,4,3,0,4,4,2,2,1,3,2,1,3,2,3,4,0,4,3
799,47,2,4,1,2,2,4,3,1,3,0,2,0,2,4,3,3,2,1,4,4,1,2,0,4,4
800,42,2,4,1,2,0,3,1,4,3,0,1,0,0,1,1,3,2,1,4,4,1,4,0,4,0
801,46,0,0,1,3,4,2,0,4,3,0,3,4,0,0,3,3,2,2,3,2,3,2,0,4,1
802,48,0,0,1,2,3,3,3,1,3,0,1,0,2,0,2,3,2,2,4,4,3,4,0,4,1
803,43,2,4,4,2,3,3,3,4,3,0,1,4,0,3,3,3,2,1,0,0,1,2,0,4,0
804,49,2,0,1,0,2,0,4,1,3,0,3,4,0,2,2,3,2,1,4,4,3,2,0,4,1
805,42,2,0,1,3,3,1,1,4,3,0,3,4,0,1,1,3,2,1,4,0,1,2,0,4,1
806,42,2,0,1,2,3,4,1,4,3,0,4,0,0,4,1,3,2,2,0,0,4,4,0,4,0
807,41,0,0,1,3,1,2,0,4,3,0,3,4,2,0,1,3,2,2,3,2,4,2,0,4,3
808,44,0,4,3,0,1,0,0,4,3,0,1,4,0,0,1,3,2,2,4,2,1,2,0,4,0
809,43,0,0,4,2,0,3,0,4,3,0,2,0,0,4,3,3,2,1,3,1,3,2,0,4,3
810,42,0,0,4,0,1,4,1,4,3,0,2,4,0,2,3,3,2,1,4,1,3,2,0,4,3
811,42,0,0,4,0,1,1,4,1,3,0,2,4,2,3,3,3,2,2,0,1,3,4,0,4,4
812,45,2,4,3,2,1,4,3,1,3,0,2,0,2,0,2,3,2,1,4,1,4,4,0,4,0
813,41,0,4,3,0,2,0,2,4,3,0,3,0,2,4,2,3,2,2,4,0,4,4,0,4,2
814,43,0,0,4,3,4,4,0,1,3,0,3,0,0,1,1,3,2,2,0,1,1,2,0,4,4
815,45,2,4,4,2,2,0,1,4,3,0,1,0,0,0,1,3,2,1,3,0,1,2,0,4,0
816,42,2,4,3,2,1,1,1,4,3,0,3,0,2,3,3,3,2,2,0,2,4,4,0,4,4
817,45,0,0,1,2,4,1,1,4,3,0,3,0,0,4,2,3,2,1,0,0,3,4,0,4,2
818,47,0,0,4,3,4,3,1,1,3,0,2,0,0,2,3,3,2,2,3,2,4,4,0,4,4
819,43,2,4,3,3,0,2,4,1,3,0,1,4,2,2,3,3,2,2,4,0,4,4,0,4,3
820,47,2,4,1,2,1,3,3,4,3,0,1,0,0,0,2,3,2,2,0,0,1,4,0,4,0
821,44,0,4,3,0,3,2,1,4,3,0,3,0,0,0,2,3,2,1,3,0,1,2,0,4,4
822,38,2,0,3,0,0,4,1,4,3,0,3,0,0,4,1,3,2,2,3,1,4,4,0,4,4
823,44,2,0,3,0,2,3,4,1,3,0,2,4,2,3,3,3,2,2,3,4,1,2,0,4,2
824,42,0,4,3,0,1,4,4,4,3,0,3,4,0,2,2,3,2,1,0,1,3,2,0,4,0
825,43,0,0,1,2,2,4,1,4,3,0,2,0,0,4,3,3,2,1,4,4,3,2,0,4,1
826,43,2,4,1,0,2,3,4,4,3,0,2,4,0,0,1,3,2,2,3,4,4,4,0,4,4
827,45,0,0,3,0,1,0,4,1,3,0,3,0,0,4,2,3,2,1,4,1,1,2,0,4,4
828,42,0,4,1,0,1,2,0,4,3,0,4,0,0,1,3,3,2,2,4,1,3,2,0,4,2
829,43,2,0,1,2,3,3,3,4,3,0,4,0,0,1,2,3,2,1,4,0,4,2,0,4,4
830,52,2,4,1,2,1,3,0,1,3,0,1,0,0,1,2,3,2,1,0,0,3,2,0,4,0
831,45,0,4,1,0,2,0,4,1,3,0,3,4,0,4,3,3,2,2,4,0,3,4,0,4,1
832,42,2,4,1,0,1,2,4,4,3,0,4,4,2,1,1,3,2,2,0,4,1,4,0,4,1
833,46,0,0,1,0,0,1,4,4,3,0,3,0,2,4,3,3,2,2,0,0,4,4,0,4,1
834,40,0,0,3,2,3,4,3,4,3,0,3,4,0,0,3,3,2,2,3,4,4,4,0,4,3
835,42,2,4,3,0,1,1,3,4,3,0,4,4,0,4,1,3,2,2,3,0,4,2,0,4,2
836,46,0,4,4,3,1,4,1,1,3,0,2,0,0,2,3,3,2,1,3,4,3,4,0,4,2
837,42,2,4,3,0,3,1,4,1,3,0,1,4,0,0,3,3,2,1,3,4,1,2,0,4,0
838,44,0,4,3,3,2,1,3,4,3,0,2,4,0,0,3,3,2,2,3,4,3,4,0,4,1
839,41,2,0,4,3,0,1,0,4,3,0,1,4,0,2,2,3,2,2,3,0,4,4,0,4,1
840,40,2,0,4,2,4,0,0,4,3,0,3,4,2,1,1,3,2,1,4,1,1,4,0,4,4
841,47,2,0,3,3,0,1,0,1,3,0,3,4,0,3,1,3,2,1,0,0,1,4,0,4,3
842,49,0,4,1,0,2,2,2,4,3,0,2,4,0,4,3,3,2,2,3,2,1,2,0,4,1
843,45,0,4,4,3,3,0,0,1,3,0,4,4,2,4,2,3,2,2,0,4,3,2,0,4,2
844,48,2,0,3,3,4,3,4,1,3,0,3,0,0,4,2,3,2,2,4,4,3,2,0,4,0
845,43,2,0,1,2,1,0,4,4,3,0,3,4,0,1,2,3,2,1,0,0,4,4,0,4,4
846,50,0,0,3,2,1,2,2,1,3,0,1,0,2,3,2,3,2,2,4,0,4,2,0,4,1
847,47,2,0,3,3,2,1,2,1,3,0,1,4,0,0,2,3,2,2,4,4,4,2,0,4,1
848,43,2,0,3,2,4,3,3,1,3,0,3,4,0,3,1,3,2,2,4,1,1,4,0,4,1
849,41,0,0,4,3,0,3,3,1,3,0,1,0,0,4,2,3,2,1,4,2,4,2,0,4,3
850,39,2,4,3,3,2,1,2,4,3,0,4,4,2,4,2,3,2,2,3,0,1,4,0,4,3
851,44,0,4,4,2,0,2,0,1,3,0,4,4,2,2,3,3,2,2,3,4,3,2,0,4,0
852,43,0,4,1,2,1,2,3,4,3,0,1,4,2,1,1,3,2,2,4,0,3,4,0,4,1
853,47,0,0,1,3,0,3,3,1,3,0,2,0,2,2,2,3,2,2,0,4,3,4,0,4,4
854,40,2,0,3,0,0,3,3,1,3,0,1,0,2,3,2,3,2,2,4,0,1,2,0,4,3
855,47,2,4,3,0,3,2,0,1,3,0,4,0,0,1,1,3,2,1,0,4,1,4,0,4,2
856,38,2,0,1,3,0,4,1,4,3,0,4,0,2,3,3,3,2,2,0,1,3,2,0,4,3
857,46,0,0,4,0,1,1,1,1,3,0,3,0,2,0,1,3,2,1,0,1,3,4,0,4,4
858,47,0,4,4,2,1,0,2,4,3,0,2,0,2,4,3,3,2,1,0,0,4,2,0,4,2
859,42,2,4,4,3,1,1,3,4,3,0,3,4,0,1,3,3,2,1,3,2,4,4,0,4,0
860,46,0,0,1,0,1,3,0,1,3,0,1,0,0,2,3,3,2,2,0,0,4,4,0,4,4
861,45,2,4,4,3,1,2,3,4,3,0,3,4,0,1,1,3,2,2,0,0,3,4,0,4,3
862,41,2,0,4,3,0,1,1,4,3,0,3,0,2,2,2,3,2,2,3,4,3,4,0,4,1
863,40,2,0,1,3,2,2,3,4,3,0,4,0,2,4,2,3,2,2,3,4,4,4,0,4,0
864,42,2,0,4,2,1,0,4,1,3,0,4,0,0,2,2,3,2,2,4,1,4,2,0,4,4
865,44,0,4,3,3,3,1,0,1,3,0,4,4,0,0,1,3,2,1,3,2,1,4,0,4,0
866,43,2,0,1,2,1,1,3,1,3,0,3,0,0,0,3,3,2,1,3,4,3,2,0,4,2
867,41,2,0,4,3,1,4,4,1,3,0,3,4,0,1,1,3,2,2,0,0,1,4,0,4,1
868,43,2,0,4,0,1,2,2,4,3,0,3,0,0,3,3,3,2,2,4,4,4,2,0,4,3
869,42,0,0,4,3,4,2,3,1,3,0,4,0,0,3,3,3,2,1,4,4,3,2,0,4,0
870,38,2,0,3,0,2,1,3,1,3,0,4,0,0,3,2,3,2,2,3,0,1,2,0,4,2
871,50,2,0,1,2,4,1,3,4,3,0,3,4,0,0,2,3,2,1,3,0,3,2,0,4,2
872,43,0,4,1,2,1,0,3,1,3,0,3,0,0,1,3,3,2,2,0,4,4,2,0,4,2
873,43,0,4,3,0,3,0,1,4,3,0,3,0,0,3,2,3,2,2,0,4,4,2,0,4,2
874,44,2,0,1,3,4,3,1,4,3,0,2,0,0,3,1,3,2,2,0,1,3,2,0,4,1
875,46,2,0,4,0,1,1,3,4,3,0,4,4,2,4,2,3,2,1,0,2,1,2,0,4,0
876,45,0,4,3,2,1,3,1,1,3,0,3,4,2,4,3,3,2,1,0,0,1,2,0,4,4
877,38,2,4,4,2,3,0,3,1,3,0,4,0,0,3,2,3,2,2,0,1,4,4,0,4,0
878,48,2,0,4,2,0,0,3,1,3,0,2,4,2,2,2,3,2,1,3,4,1,4,0,4,3
879,42,0,0,3,2,3,0,1,1,3,0,4,4,0,4,1,3,2,1,4,2,1,2,0,4,3
880,44,2,0,4,2,2,2,3,1,3,0,4,0,2,1,1,3,2,2,4,1,3,4,0,4,4
881,46,0,0,3,0,1,3,0,4,3,0,4,4,0,2,2,3,2,1,4,0,3,2,0,4,3
882,40,0,0,3,0,3,1,4,4,3,0,4,0,2,1,3,3,2,1,3,1,4,2,0,4,1
883,41,2,0,1,2,2,2,3,1,3,0,4,4,2,2,3,3,2,2,0,2,3,4,0,4,1
884,47,0,0,1,0,1,2,2,4,3,0,4,4,0,2,3,3,2,1,3,0,3,2,0,4,4
885,43,0,0,4,0,4,4,3,1,3,0,1,4,2,2,2,3,2,1,0,1,3,2,0,4,1
886,41,0,0,4,0,3,0,3,1,3,0,2,0,2,3,1,3,2,2,0,1,1,2,0,4,4
887,39,0,4,1,2,1,4,2,4,3,0,3,4,0,4,3,3,2,2,4,2,4,4,0,4,4
888,47,2,0,1,2,0,3,4,1,3,0,1,0,2,2,3,3,2,2,4,4,4,2,0,4,4
889,45,0,0,4,2,4,0,2,4,3,0,1,4,2,0,3,3,2,2,3,0,3,4,0,4,2
890,43,2,0,4,2,3,3,2,4,3,0,2,0,0,0,2,3,2,1,3,1,3,2,0,4,4
891,44,0,0,4,0,3,3,1,4,3,0,3,0,2,0,2,3,2,2,0,0,3,2,0,4,1
892,46,0,4,4,0,0,2,3,1,3,0,1,0,2,1,1,3,2,2,0,4,3,4,0,4,4
893,45,0,4,4,2,4,4,1,1,3,0,2,0,2,0,2,3,2,2,0,1,4,2,0,4,4
894,42,2,0,1,2,4,3,4,4,3,0,2,4,0,4,3,3,2,1,0,4,1,4,0,4,4
895,41,0,0,1,0,3,1,0,1,3,0,2,0,2,3,3,3,2,1,0,4,4,4,0,4,0
896,44,2,4,3,2,1,2,4,4,3,0,2,4,2,4,2,3,2,1,0,0,1,4,0,4,4
897,44,0,0,4,2,4,2,1,4,3,0,2,4,0,4,1,3,2,1,3,4,1,4,0,4,1
898,42,2,0,1,3,0,0,1,1,3,0,4,0,2,2,1,3,2,2,3,1,4,2,0,4,1
899,45,2,4,4,2,0,0,2,1,3,0,4,4,2,2,2,3,2,1,0,0,1,2,0,4,4
900,43,2,4,4,0,3,4,4,1,3,0,3,0,2,1,2,3,2,1,3,2,4,4,0,4,0
901,47,2,4,4,0,1,4,3,1,3,0,3,4,2,3,3,3,2,2,4,4,4,4,0,4,4
902,43,0,0,3,0,2,2,4,4,3,0,1,4,2,2,2,3,2,1,3,2,3,2,0,4,4
903,46,2,4,1,2,4,1,4,1,3,0,4,4,0,0,1,3,2,1,0,1,4,2,0,4,1
904,43,0,4,1,3,3,3,3,1,3,0,4,4,0,1,1,3,2,2,3,4,3,2,0,4,0
905,40,2,4,1,0,0,3,1,4,3,0,1,4,2,4,3,3,2,1,0,1,4,4,0,4,0
906,42,2,4,4,0,2,3,1,4,3,0,1,0,0,4,1,3,2,1,0,2,4,4,0,4,4
907,48,0,4,3,2,2,0,3,4,3,0,1,0,2,4,1,3,2,1,0,4,3,4,0,4,2
908,45,2,4,4,3,1,4,2,4,3,0,2,0,2,4,3,3,2,2,0,0,3,4,0,4,4
909,44,0,4,1,2,1,3,0,1,3,0,1,4,2,0,1,3,2,1,4,0,1,2,0,4,2
910,43,2,0,1,2,4,1,3,4,3,0,3,0,0,4,1,3,2,1,4,1,4,4,0,4,2
911,40,2,0,4,0,2,1,4,1,3,0,3,4,2,4,3,3,2,1,4,1,4,4,0,4,4
912,41,0,4,3,3,4,2,3,1,3,0,4,0,2,1,1,3,2,2,0,1,1,4,0,4,1
913,45,0,4,1,3,0,3,3,4,3,0,4,4,2,4,1,3,2,2,0,0,4,2,0,4,1
914,43,2,0,1,3,2,0,0,1,3,0,3,0,2,4,3,3,2,2,3,2,3,2,0,4,2
915,42,0,4,4,3,0,3,3,1,3,0,1,0,2,2,3,3,2,2,0,2,1,4,0,4,2
916,45,0,0,4,0,0,4,2,4,3,0,4,0,2,1,2,3,2,2,3,4,4,4,0,4,0
917,46,2,0,3,3,1,3,0,1,3,0,4,0,0,1,2,3,2,2,3,0,3,4,0,4,2
918,44,0,4,4,2,2,3,4,4,3,0,3,0,2,3,1,3,2,2,0,2,3,4,0,4,2
919,41,0,4,1,3,3,1,1,4,3,0,2,0,2,0,2,3,2,2,0,1,4,4,0,4,3
920,43,2,0,1,2,1,0,1,4,3,0,1,4,0,1,3,3,2,1,0,2,3,4,0,4,3
921,47,0,0,3,2,0,1,2,4,3,0,4,4,2,1,1,3,2,1,3,0,4,2,0,4,2
922,42,2,0,4,2,0,3,1,1,3,0,2,4,0,2,1,3,2,2,3,0,4,4,0,4,3
923,51,2,0,3,0,0,2,2,1,3,0,4,0,0,3,2,3,2,1,0,4,1,2,0,4,1
924,43,0,0,4,3,4,2,0,4,3,0,2,4,2,4,1,3,2,1,0,1,4,4,0,4,2
925,42,2,4,1,0,3,0,3,4,3,0,4,0,0,4,1,3,2,1,0,2,3,2,0,4,2
926,45,0,0,3,3,0,4,3,4,3,0,4,0,0,0,2,3,2,2,4,1,4,4,0,4,4
927,45,0,0,3,0,2,4,2,4,3,0,4,0,0,2,3,3,2,2,3,0,4,4,0,4,2
928,44,0,0,4,0,2,1,1,4,3,0,2,4,2,2,2,3,2,1,4,0,3,2,0,4,3
929,40,2,4,1,2,2,4,1,1,3,0,4,0,0,3,1,3,2,1,4,1,1,2,0,4,1
930,43,2,0,3,0,2,4,2,4,3,0,2,4,2,2,1,3,2,1,4,0,1,2,0,4,2
931,41,0,0,1,2,3,1,1,4,3,0,3,0,2,4,1,3,2,2,0,4,3,2,0,4,1
932,44,0,0,1,3,3,3,1,1,3,0,2,0,2,1,2,3,2,2,3,1,4,4,0,4,1
933,40,2,0,4,3,3,2,0,1,3,0,3,4,2,1,1,3,2,2,0,4,4,2,0,4,0
934,42,0,4,4,0,2,1,2,1,3,0,1,0,2,1,1,3,2,1,0,4,3,4,0,4,0
935,47,2,0,1,0,4,1,4,1,3,0,1,0,2,1,2,3,2,1,0,2,3,4,0,4,1
936,41,0,4,4,3,3,0,4,4,3,0,1,4,2,1,3,3,2,1,4,4,1,4,0,4,2
937,39,0,4,1,0,2,3,1,4,3,0,1,0,2,2,1,3,2,1,3,2,4,4,0,4,4
938,41,0,4,3,0,2,2,3,4,3,0,2,0,0,0,3,3,2,1,3,4,4,4,0,4,2
939,44,0,0,3,0,2,3,2,1,3,0,3,4,2,0,3,3,2,1,0,1,3,2,0,4,0
940,43,2,4,4,2,1,2,0,1,3,0,2,4,0,2,1,3,2,2,3,1,1,2,0,4,2
941,39,0,0,3,2,0,2,1,4,3,0,4,0,2,0,1,3,2,2,4,2,4,4,0,4,3
942,41,0,0,1,2,2,1,4,4,3,0,3,0,2,3,3,3,2,1,0,1,1,4,0,4,3
943,47,2,0,4,3,0,3,4,4,3,0,4,4,0,3,2,3,2,1,0,0,4,2,0,4,0
944,47,0,4,3,3,3,0,1,4,3,0,3,0,0,4,3,3,2,2,4,0,4,4,0,4,2
945,44,0,4,3,2,4,1,0,4,3,0,1,4,2,0,1,3,2,1,0,4,1,2,0,4,1
946,55,2,0,4,2,1,3,3,4,3,0,3,0,2,2,3,3,2,2,0,2,1,2,0,4,4
947,45,0,4,3,2,0,3,2,4,3,0,4,4,0,0,3,3,2,1,3,4,4,4,0,4,0
948,46,0,4,4,0,3,0,2,4,3,0,4,0,2,1,2,3,2,1,0,4,3,4,0,4,3
949,40,0,0,4,0,4,1,3,1,3,0,4,4,2,1,3,3,2,1,4,1,3,4,0,4,0
950,41,2,0,4,0,3,4,4,4,3,0,3,4,0,0,2,3,2,2,4,1,1,4,0,4,2
951,47,0,0,3,3,3,3,3,4,3,0,1,4,2,2,3,3,2,2,0,1,4,2,0,4,1
952,45,2,4,4,0,3,2,4,4,3,0,1,4,0,3,1,3,2,1,4,0,1,2,0,4,0
953,40,2,0,3,2,2,0,3,4,3,0,1,0,0,1,3,3,2,2,3,0,4,2,0,4,3
954,41,0,4,4,2,3,0,1,1,3,0,4,4,2,0,1,3,2,2,3,2,3,4,0,4,1
955,45,2,4,3,2,1,1,4,4,3,0,1,4,0,1,2,3,2,2,0,4,1,2,0,4,1
956,47,2,0,1,0,2,3,0,4,3,0,4,0,0,2,3,3,2,1,3,4,3,2,0,4,4
957,46,0,0,1,2,1,3,1,1,3,0,4,4,0,0,3,3,2,1,3,0,4,2,0,4,3
958,46,0,4,1,3,3,1,4,1,3,0,2,0,2,2,1,3,2,1,4,4,3,4,0,4,2
959,46,2,4,1,2,4,2,4,4,3,0,1,4,0,0,2,3,2,2,0,1,1,2,0,4,3
960,42,2,4,3,2,2,0,0,4,3,0,1,0,2,2,3,3,2,1,4,2,3,2,0,4,1
961,42,0,0,3,2,0,1,2,1,3,0,3,4,0,1,3,3,2,2,4,2,1,4,0,4,2
962,48,0,4,4,0,1,4,2,4,3,0,3,0,0,2,1,3,2,1,3,4,3,4,0,4,2
963,46,0,0,1,3,1,0,0,1,3,0,1,4,2,3,3,3,2,2,0,1,3,2,0,4,3
964,43,0,4,4,0,3,4,2,4,3,0,4,4,0,2,2,3,2,2,3,0,4,4,0,4,4
965,43,2,4,3,0,1,1,3,1,3,0,1,0,2,0,1,3,2,1,3,2,4,2,0,4,2
966,51,0,4,3,0,3,1,1,1,3,0,4,0,2,1,2,3,2,1,3,4,1,4,0,4,3
967,41,2,4,1,2,3,2,1,4,3,0,4,4,2,2,2,3,2,1,0,1,1,4,0,4,0
968,42,0,4,4,2,2,4,3,4,3,0,3,0,0,4,2,3,2,2,3,0,1,2,0,4,2
969,41,0,4,4,3,3,1,0,4,3,0,1,0,2,0,2,3,2,1,3,1,1,4,0,4,3
970,44,0,0,1,2,1,1,0,4,3,0,3,0,2,3,1,3,2,1,0,1,4,2,0,4,2
971,48,2,4,3,2,2,1,2,4,3,0,2,0,0,4,2,3,2,2,3,2,1,2,0,4,0
972,44,0,0,3,0,2,4,4,1,3,0,1,4,2,1,3,3,2,1,4,4,4,4,0,4,3
973,43,0,0,3,2,1,0,1,4,3,0,1,4,2,1,3,3,2,1,3,0,1,2,0,4,1
974,41,2,0,3,3,3,0,2,4,3,0,3,4,0,4,1,3,2,2,3,0,1,4,0,4,0
975,39,0,4,1,2,4,1,0,4,3,0,4,0,0,2,3,3,2,2,0,2,3,4,0,4,2
976,38,0,0,1,2,0,2,1,1,3,0,1,4,2,4,2,3,2,2,4,4,4,4,0,4,3
977,48,0,4,1,2,0,2,0,1,3,0,2,0,2,4,3,3,2,1,0,2,3,2,0,4,1
978,44,2,4,1,2,3,2,1,1,3,0,3,0,0,0,1,3,2,1,0,0,1,4,0,4,1
979,45,2,0,4,0,4,3,0,4,3,0,3,0,2,1,2,3,2,2,4,2,3,4,0,4,3
980,51,2,4,1,3,0,4,2,1,3,0,2,4,2,3,1,3,2,1,0,0,3,2,0,4,0
981,45,0,0,3,2,4,2,0,4,3,0,4,4,2,4,3,3,2,2,4,4,1,2,0,4,2
982,47,2,4,3,0,4,2,0,4,3,0,3,4,2,1,1,3,2,2,0,4,4,2,0,4,4
983,39,0,4,1,2,4,0,2,4,3,0,1,0,0,0,1,3,2,1,4,4,3,2,0,4,4
984,43,0,4,3,3,4,1,0,1,3,0,4,0,2,1,3,3,2,1,4,1,1,2,0,4,1
985,44,0,0,1,0,3,3,3,4,3,0,3,0,2,4,2,3,2,1,3,2,1,2,0,4,1
986,46,0,4,3,0,3,3,1,1,3,0,1,0,2,2,2,3,2,1,3,4,1,2,0,4,3
987,41,0,4,1,3,1,3,3,4,3,0,3,4,2,0,1,3,2,2,4,0,1,4,0,4,4
988,48,2,0,4,2,1,0,0,1,3,0,4,0,2,2,1,3,2,1,3,2,1,4,0,4,0
989,38,0,4,1,0,1,1,4,1,3,0,2,0,0,0,1,3,2,1,4,1,1,4,0,4,2
990,46,0,4,1,0,2,3,3,1,3,0,1,0,0,2,3,3,2,1,3,4,3,4,0,4,0
991,46,0,0,3,3,1,3,2,1,3,0,1,0,0,2,2,3,2,1,0,1,3,4,0,4,4
992,43,0,0,4,2,4,1,3,1,3,0,3,4,2,2,3,3,2,1,4,2,1,4,0,4,4
993,46,2,0,3,2,0,2,4,1,3,0,2,0,2,4,2,3,2,1,4,4,1,2,0,4,3
994,44,0,0,1,2,3,0,3,1,3,0,4,0,0,3,3,3,2,2,3,4,1,2,0,4,3
995,43,0,0,3,3,1,3,3,1,3,0,2,4,2,1,2,3,2,2,3,1,4,2,0,4,1
996,45,2,4,4,2,0,4,0,1,3,0,4,4,2,0,3,3,2,2,4,1,3,2,0,4,1
997,45,2,4,3,3,0,4,0,1,3,0,4,4,2,0,2,3,2,1,4,1,1,2,0,4,0
998,44,2,4,1,2,4,1,4,1,3,0,2,4,0,2,2,3,2,1,4,0,1,2,0,4,3
999,45,0,4,4,0,3,3,4,4,3,0,4,0,2,1,3,3,2,2,0,2,4,2,0,4,3
